# Blender 5.0.0
# www.blender.org
mtllib interrogation.mtl
o interrogation
v -2.500000 0.000000 2.500000
v -2.500000 0.000000 -2.500000
v 2.500000 0.000000 2.500000
v 2.500000 0.000000 -2.500000
v -2.500000 0.875000 2.500000
v -2.500000 1.125000 2.500000
v -2.500000 1.125000 -2.500000
v -2.500000 0.875000 -2.500000
v 2.500000 1.125000 -2.500000
v 2.500000 0.875000 -2.500000
v 2.500000 1.125000 2.500000
v 2.500000 0.875000 2.500000
v -2.480000 0.875000 2.480000
v -2.480000 1.125000 2.480000
v -2.480000 1.125000 -2.480000
v -2.480000 0.875000 -2.480000
v 2.480000 1.125000 -2.480000
v 2.480000 0.875000 -2.480000
v 2.480000 1.125000 2.480000
v 2.480000 0.875000 2.480000
v -2.500000 2.500000 2.500000
v -2.500000 2.500000 -2.500000
v 2.500000 2.500000 -2.500000
v 2.500000 2.500000 2.500000
v 2.002247 2.500000 2.500000
v 2.000000 0.875000 2.480000
v 2.000000 1.125000 2.500000
v 2.000000 1.125000 2.480000
v 2.000000 0.875000 2.500000
v 2.000000 0.000000 2.500000
v 0.799513 2.500000 2.500000
v 0.800000 0.875000 2.480000
v 0.800000 1.125000 2.500000
v 0.800000 1.125000 2.480000
v 0.800000 0.875000 2.500000
v 0.800000 0.000000 2.500000
v 2.000000 2.100000 2.500000
v 0.800000 2.100000 2.500000
v -0.600000 2.500000 0.585000
v -0.585000 2.500000 0.600000
v -0.610607 2.500000 0.610607
v -0.595607 2.500000 0.595607
v -0.585000 2.500000 -0.600000
v -0.600000 2.500000 -0.585000
v -0.610607 2.500000 -0.610607
v -0.595607 2.500000 -0.595607
v 0.585000 2.500000 0.600000
v 0.600000 2.500000 0.585000
v 0.610607 2.500000 0.610607
v 0.595607 2.500000 0.595607
v 0.600000 2.500000 -0.585000
v 0.585000 2.500000 -0.600000
v 0.610607 2.500000 -0.610607
v 0.595607 2.500000 -0.595607
v -0.570000 2.485000 0.555000
v -0.555000 2.485000 0.570000
v -0.580607 2.485000 0.580607
v -0.565607 2.485000 0.565607
v -0.555000 2.485000 -0.570000
v -0.570000 2.485000 -0.555000
v -0.580607 2.485000 -0.580607
v -0.565607 2.485000 -0.565607
v 0.570000 2.485000 -0.555000
v 0.555000 2.485000 -0.570000
v 0.580607 2.485000 -0.580607
v 0.565607 2.485000 -0.565607
v 0.555000 2.485000 0.570000
v 0.570000 2.485000 0.555000
v 0.580607 2.485000 0.580607
v 0.565607 2.485000 0.565607
v -0.585000 2.485000 0.600000
v -0.600000 2.485000 0.585000
v -0.589394 2.485000 0.589394
v -0.595607 2.485000 0.595607
v -0.600000 2.485000 -0.585000
v -0.585000 2.485000 -0.600000
v -0.589394 2.485000 -0.589394
v -0.595607 2.485000 -0.595607
v 0.585000 2.485000 -0.600000
v 0.600000 2.485000 -0.585000
v 0.589394 2.485000 -0.589394
v 0.595607 2.485000 -0.595607
v 0.600000 2.485000 0.585000
v 0.585000 2.485000 0.600000
v 0.589394 2.485000 0.589394
v 0.595607 2.485000 0.595607
v -0.555000 2.495000 0.570000
v -0.570000 2.495000 0.555000
v -0.565607 2.495000 0.565607
v -0.570000 2.495000 -0.555000
v -0.555000 2.495000 -0.570000
v -0.565607 2.495000 -0.565607
v 0.555000 2.495000 -0.570000
v 0.570000 2.495000 -0.555000
v 0.565607 2.495000 -0.565607
v 0.570000 2.495000 0.555000
v 0.555000 2.495000 0.570000
v 0.565607 2.495000 0.565607
vn 1.0000 -0.0000 -0.0000
vn -0.0000 -0.0000 1.0000
vn -1.0000 -0.0000 -0.0000
vn -0.0000 1.0000 -0.0000
vn -0.0000 -0.0000 -1.0000
vn -0.0000 -1.0000 -0.0000
vn -0.9808 -0.0000 0.1951
vn -0.7071 -0.0000 0.7071
vn -0.1951 -0.0000 0.9808
vn 0.9808 -0.0000 0.1951
vn 0.7071 -0.0000 0.7071
vn 0.1951 -0.0000 0.9808
vn 0.9808 -0.0000 -0.1951
vn 0.7071 -0.0000 -0.7071
vn 0.1951 -0.0000 -0.9808
vn -0.9808 -0.0000 -0.1951
vn -0.7071 -0.0000 -0.7071
vn -0.1951 -0.0000 -0.9808
vt 0.117801 0.005000
vt 0.117801 0.426864
vt 0.001837 0.426864
vt 0.001837 0.005000
vt 0.117803 0.426864
vt 0.117803 0.848728
vt 0.001839 0.848728
vt 0.001839 0.426864
vt 0.236755 0.005000
vt 0.236755 0.426687
vt 0.120792 0.426687
vt 0.120792 0.005000
vt 0.839698 0.394343
vt 0.464698 0.394343
vt 0.464698 0.171361
vt 0.464698 0.056492
vt 0.464698 0.019343
vt 0.839698 0.019343
vt 0.428397 0.860134
vt 0.428397 0.902471
vt 0.354602 0.902471
vt 0.354602 0.860134
vt 0.957103 0.239574
vt 0.957103 0.006304
vt 0.958036 0.007238
vt 0.958036 0.238641
vt 0.428398 0.436174
vt 0.428398 0.860134
vt 0.354603 0.860134
vt 0.354603 0.436174
vt 0.949211 0.187110
vt 0.949211 0.163783
vt 0.950144 0.163783
vt 0.950144 0.186177
vt 0.428399 0.012382
vt 0.428399 0.436174
vt 0.354603 0.436174
vt 0.354604 0.012382
vt 0.957613 0.479214
vt 0.957613 0.245944
vt 0.958546 0.246877
vt 0.958546 0.478280
vt 0.349560 0.291556
vt 0.349560 0.713861
vt 0.275765 0.713861
vt 0.275765 0.291556
vt 0.930183 0.002822
vt 0.930183 0.236092
vt 0.929250 0.235159
vt 0.929250 0.003755
vt 0.988084 0.390330
vt 0.988084 0.412724
vt 0.976420 0.412724
vt 0.976420 0.390330
vt 0.976420 0.005902
vt 0.976420 0.237305
vt 0.964757 0.237305
vt 0.964757 0.005902
vt 0.976420 0.468709
vt 0.964757 0.468709
vt 0.988084 0.005902
vt 0.988084 0.237305
vt 0.916512 0.002951
vt 0.916512 0.236221
vt 0.915579 0.235288
vt 0.915579 0.003884
vt 0.902738 0.005635
vt 0.902738 0.238905
vt 0.901805 0.237972
vt 0.901805 0.006568
vt 0.956170 0.238641
vt 0.956170 0.007238
vt 0.976420 0.237305
vt 0.988084 0.237305
vt 0.988084 0.390330
vt 0.976420 0.390330
vt 0.236758 0.426681
vt 0.236758 0.468850
vt 0.154529 0.468850
vt 0.120794 0.468660
vt 0.120794 0.426681
vt 0.949474 0.213710
vt 0.948541 0.213710
vt 0.948541 0.190383
vt 0.949474 0.191316
vt 0.941011 0.157757
vt 0.940078 0.157757
vt 0.940078 0.003799
vt 0.941011 0.004732
vt 0.275765 0.012624
vt 0.349560 0.012624
vt 0.275765 0.291556
vt 0.948867 0.158096
vt 0.948867 0.004138
vt 0.949800 0.004137
vt 0.949800 0.157163
vt 0.154529 0.570055
vt 0.120794 0.570096
vt 0.941264 0.174358
vt 0.940331 0.174358
vt 0.940331 0.162695
vt 0.941264 0.162695
vt 0.940331 0.186022
vt 0.941264 0.186022
vt 0.611297 0.553518
vt 0.610502 0.553518
vt 0.609377 0.552723
vt 0.610172 0.553518
vt 0.700172 0.554643
vt 0.700172 0.553848
vt 0.700968 0.552723
vt 0.700172 0.553518
vt 0.610172 0.642393
vt 0.610172 0.643189
vt 0.609377 0.644314
vt 0.610172 0.643518
vt 0.699047 0.643518
vt 0.699843 0.643518
vt 0.700968 0.644314
vt 0.700172 0.643518
vt 0.688583 0.632373
vt 0.688583 0.632997
vt 0.689208 0.633881
vt 0.688583 0.633256
vt 0.687700 0.566102
vt 0.688325 0.566102
vt 0.689208 0.565477
vt 0.688583 0.566102
vt 0.621429 0.566985
vt 0.621429 0.566361
vt 0.620804 0.565477
vt 0.621429 0.566102
vt 0.622313 0.633256
vt 0.621688 0.633256
vt 0.620804 0.633881
vt 0.621429 0.633256
vt 0.610172 0.554268
vt 0.610968 0.553518
vt 0.690130 0.564997
vt 0.690092 0.564593
vt 0.689726 0.564959
vt 0.689467 0.564335
vt 0.620325 0.564556
vt 0.619921 0.564593
vt 0.620287 0.564959
vt 0.619662 0.565218
vt 0.619883 0.634361
vt 0.619921 0.634765
vt 0.620287 0.634399
vt 0.620546 0.635024
vt 0.610172 0.554643
vt 0.611297 0.643518
vt 0.700172 0.642393
vt 0.699047 0.553518
vt 0.688497 0.633170
vt 0.687700 0.633256
vt 0.621429 0.632373
vt 0.621515 0.633170
vt 0.621429 0.566985
vt 0.621515 0.566188
vt 0.622313 0.566102
vt 0.688583 0.566986
vt 0.688497 0.566188
vt 0.467672 0.786018
vt 0.467672 0.749173
vt 0.467672 0.634200
vt 0.467672 0.411018
vt 0.842672 0.411018
vt 0.842672 0.786018
vt 0.689467 0.635024
vt 0.689726 0.634399
vt 0.690351 0.634140
vt 0.236758 0.570055
vt 0.236758 0.848368
vt 0.120794 0.848368
s 1
usemtl light
f 93/161/6 95/160/6 94/159/6 96/157/6 98/158/6 97/133/6 87/156/6 89/155/6 88/121/6 90/162/6 92/163/6 91/125/6
usemtl texture_1
f 6/1/1 7/2/1 22/3/1 21/4/1
f 7/5/2 9/6/2 23/7/2 22/8/2
f 9/9/3 11/10/3 24/11/3 23/12/3
f 2/13/4 1/14/4 36/15/4 30/16/4 3/17/4 4/18/4
f 3/19/5 30/20/5 29/21/5 12/22/5
f 7/23/4 6/24/4 14/25/4 15/26/4
f 4/27/3 3/28/3 12/29/3 10/30/3
f 12/31/6 29/32/6 26/33/6 20/34/6
f 2/35/2 4/36/2 10/37/2 8/38/2
f 10/39/6 12/40/6 20/41/6 18/42/6
f 1/43/1 2/44/1 8/45/1 5/46/1
f 8/47/6 10/48/6 18/49/6 16/50/6
f 20/51/5 26/52/5 28/53/5 19/54/5
f 18/55/3 20/56/3 19/57/3 17/58/3
f 16/56/2 18/59/2 17/60/2 15/57/2
f 13/61/1 16/62/1 15/56/1 14/55/1
f 9/63/4 7/64/4 15/65/4 17/66/4
f 11/67/4 9/68/4 17/69/4 19/70/4
f 5/24/6 8/23/6 16/71/6 13/72/6
f 34/73/5 32/74/5 13/75/5 14/76/5
f 11/77/5 27/78/5 37/79/5 25/80/5 24/81/5
f 28/82/4 27/83/4 11/84/4 19/85/4
f 32/86/6 35/87/6 5/88/6 13/89/6
f 35/90/5 36/91/5 1/43/5 5/92/5
f 6/93/4 33/94/4 34/95/4 14/96/4
f 25/80/5 37/79/5 38/97/5 31/98/5
f 26/99/3 29/100/3 27/101/3 28/102/3
f 32/103/1 34/100/1 33/99/1 35/104/1
f 39/105/6 42/106/6 41/107/6
f 42/106/6 40/108/6 41/107/6
f 43/109/6 46/110/6 45/111/6
f 46/110/6 44/112/6 45/111/6
f 47/113/6 50/114/6 49/115/6
f 50/114/6 48/116/6 49/115/6
f 51/117/6 54/118/6 53/119/6
f 54/118/6 52/120/6 53/119/6
f 55/121/6 58/122/6 57/123/6
f 58/122/6 56/124/6 57/123/6
f 59/125/6 62/126/6 61/127/6
f 62/126/6 60/128/6 61/127/6
f 63/129/6 66/130/6 65/131/6
f 66/130/6 64/132/6 65/131/6
f 67/133/6 70/134/6 69/135/6
f 70/134/6 68/136/6 69/135/6
f 71/137/6 74/106/6 73/138/6
f 74/106/6 72/105/6 73/138/6
f 75/139/6 78/140/6 77/141/6
f 78/140/6 76/142/6 77/141/6
f 79/143/6 82/144/6 81/145/6
f 82/144/6 80/146/6 81/145/6
f 83/147/6 86/148/6 85/149/6
f 86/148/6 84/150/6 85/149/6
f 39/105/7 72/105/7 74/108/8 42/108/8
f 42/108/8 74/108/8 71/137/9 40/151/9
f 83/152/10 48/152/10 50/116/11 86/116/11
f 86/116/11 50/116/11 47/113/12 84/113/12
f 51/117/13 80/117/13 82/120/14 54/120/14
f 54/120/14 82/120/14 79/153/15 52/153/15
f 75/154/16 44/154/16 46/112/17 78/112/17
f 78/112/17 46/112/17 43/109/18 76/109/18
f 55/121/13 88/121/13 89/155/14 58/124/14
f 58/124/14 89/155/14 87/156/15 56/156/15
f 96/157/16 68/157/16 70/136/17 98/158/17
f 98/158/17 70/136/17 67/133/18 97/133/18
f 63/129/7 94/159/7 95/160/8 66/132/8
f 66/132/8 95/160/8 93/161/9 64/161/9
f 90/162/10 60/162/10 62/128/11 92/163/11
f 92/163/11 62/128/11 59/125/12 91/125/12
f 39/105/7 44/154/16 75/154/16 72/105/7
f 41/107/6 40/151/6 47/113/6 49/115/6 24/164/6 25/165/6 31/166/6 21/167/6
f 45/111/6 44/154/6 39/105/6 41/107/6 21/167/6 22/168/6
f 47/113/12 40/151/9 71/137/9 84/113/12
f 43/109/18 52/153/15 79/153/15 76/109/18
f 53/119/6 52/153/6 43/109/6 45/111/6 22/168/6 23/169/6
f 51/117/13 48/152/10 83/152/10 80/117/13
f 49/115/6 48/152/6 51/117/6 53/119/6 23/169/6 24/164/6
f 55/121/13 60/162/10 90/162/10 88/121/13
f 57/123/6 56/156/6 67/133/6 69/135/6 85/149/6 84/150/6 71/170/6 73/171/6
f 61/127/6 60/162/6 55/121/6 57/123/6 73/171/6 72/172/6 75/139/6 77/141/6
f 67/133/18 56/156/15 87/156/15 97/133/18
f 59/125/12 64/161/9 93/161/9 91/125/12
f 65/131/6 64/161/6 59/125/6 61/127/6 77/141/6 76/142/6 79/143/6 81/145/6
f 63/129/7 68/157/16 96/157/16 94/159/7
f 69/135/6 68/157/6 63/129/6 65/131/6 81/145/6 80/146/6 83/147/6 85/149/6
f 31/98/5 38/97/5 33/173/5 6/174/5 21/175/5
o mirror
v 2.480000 1.224440 1.485000
v 2.480000 2.400560 1.485000
v 2.480000 1.224440 -1.485000
v 2.480000 2.400560 -1.485000
v 2.500000 1.212500 1.500000
v 2.500000 2.412500 1.500000
v 2.500000 1.212500 -1.500000
v 2.500000 2.412500 -1.500000
v 2.480000 1.212500 -1.500000
v 2.480000 1.212500 1.500000
v 2.480000 2.412500 1.500000
v 2.480000 2.412500 -1.500000
vn -1.0000 -0.0000 -0.0000
vn -0.0000 -0.0000 -1.0000
vn 1.0000 -0.0000 -0.0000
vn -0.0000 -0.0000 1.0000
vn -0.0000 -1.0000 -0.0000
vn -0.0000 1.0000 -0.0000
vt 0.348079 0.787330
vt 0.209186 0.787330
vt 0.209186 0.436590
vt 0.348079 0.436590
vt 0.196402 0.785440
vt 0.196402 0.643726
vt 0.198764 0.643726
vt 0.198764 0.785440
vt 0.491202 0.789102
vt 0.349489 0.789102
vt 0.349489 0.434819
vt 0.491202 0.434819
vt 0.198764 0.785440
vt 0.198764 0.643726
vt 0.201126 0.643726
vt 0.201126 0.785440
vt 0.493564 0.789102
vt 0.491203 0.789102
vt 0.491203 0.434819
vt 0.493564 0.434819
vt 0.495926 0.789102
vt 0.493564 0.789102
vt 0.493564 0.434819
vt 0.495926 0.434819
vt 0.207776 0.789102
vt 0.207776 0.434819
s 0
usemtl mirror
f 99/176/19 100/177/19 102/178/19 101/179/19
usemtl texture_2
f 107/180/20 110/181/20 106/182/20 105/183/20
f 105/184/21 106/185/21 104/186/21 103/187/21
f 103/188/22 104/189/22 109/190/22 108/191/22
f 107/192/23 105/193/23 103/194/23 108/195/23
f 106/196/24 110/197/24 109/198/24 104/199/24
f 99/176/19 101/179/19 107/186/19 108/185/19
f 100/177/19 99/176/19 108/185/19 109/200/19
f 102/178/19 100/177/19 109/200/19 110/201/19
f 101/179/19 102/178/19 110/201/19 107/186/19
o door
v 1.950000 0.000000 2.520000
v 0.850000 0.000000 2.520000
v 1.950000 2.000000 2.520000
v 0.850000 2.000000 2.520000
v 1.950000 2.000000 2.500000
v 0.850000 0.000000 2.500000
v 1.950000 0.000000 2.500000
v 0.850000 2.000000 2.500000
v 1.800000 1.025920 2.470000
v 1.800000 1.034200 2.500000
v 1.818328 1.018328 2.470000
v 1.824183 1.024183 2.500000
v 1.825920 1.000000 2.470000
v 1.834200 1.000000 2.500000
v 1.818328 0.981672 2.470000
v 1.824183 0.975817 2.500000
v 1.800000 0.974080 2.470000
v 1.800000 0.965800 2.500000
v 1.781672 0.981672 2.470000
v 1.775817 0.975817 2.500000
v 1.774080 1.000000 2.470000
v 1.765800 1.000000 2.500000
v 1.781672 1.018328 2.470000
v 1.775817 1.024183 2.500000
v 1.800000 1.034560 2.452000
v 1.824437 1.024438 2.452000
v 1.834560 1.000000 2.452000
v 1.824437 0.975562 2.452000
v 1.800000 0.965440 2.452000
v 1.775562 0.975562 2.452000
v 1.765440 1.000000 2.452000
v 1.775562 1.024438 2.452000
v 1.800000 1.015046 2.432259
v 1.800000 1.029491 2.438799
v 1.800000 1.024497 2.435405
v 1.820853 1.020853 2.438799
v 1.810639 1.010639 2.432259
v 1.817322 1.017322 2.435405
v 1.829491 1.000000 2.438799
v 1.815046 1.000000 2.432259
v 1.824497 1.000000 2.435405
v 1.820853 0.979147 2.438799
v 1.810639 0.989361 2.432259
v 1.817322 0.982678 2.435405
v 1.800000 0.970509 2.438799
v 1.800000 0.984954 2.432259
v 1.800000 0.975503 2.435405
v 1.779147 0.979147 2.438799
v 1.789361 0.989361 2.432259
v 1.782678 0.982678 2.435405
v 1.770509 1.000000 2.438799
v 1.784954 1.000000 2.432259
v 1.775503 1.000000 2.435405
v 1.779147 1.020853 2.438799
v 1.789361 1.010639 2.432259
v 1.782678 1.017322 2.435405
vn 1.0000 -0.0000 -0.0000
vn -0.0000 -0.0000 -1.0000
vn -0.0000 1.0000 -0.0000
vn -1.0000 -0.0000 -0.0000
vn -0.0000 -1.0000 -0.0000
vn -0.0000 -0.0000 1.0000
vn -0.0000 0.9958 0.0911
vn -0.0000 0.9640 -0.2661
vn 0.6816 0.6816 -0.2661
vn 0.7041 0.7042 0.0911
vn 0.9640 -0.0000 -0.2661
vn 0.9958 0.0001 0.0911
vn 0.6816 -0.6816 -0.2661
vn 0.7042 -0.7041 0.0911
vn -0.0000 -0.9640 -0.2661
vn 0.0001 -0.9958 0.0911
vn -0.6816 -0.6816 -0.2661
vn -0.7041 -0.7042 0.0911
vn -0.9640 -0.0000 -0.2661
vn -0.9958 -0.0001 0.0911
vn -0.6816 0.6816 -0.2661
vn -0.7042 0.7041 0.0911
vn -0.0000 0.9993 0.0370
vn -0.7066 0.7066 0.0370
vn 0.7066 0.7066 0.0370
vn 0.7066 -0.7066 0.0370
vn 0.9993 -0.0000 0.0370
vn -0.9993 -0.0000 0.0370
vn -0.7066 -0.7066 0.0370
vn -0.0000 -0.9993 0.0370
vn -0.0000 0.8091 -0.5877
vn 0.5721 0.5721 -0.5877
vn 0.3322 0.3322 -0.8828
vn -0.0000 0.4697 -0.8828
vn 0.1403 0.1403 -0.9801
vn -0.0000 0.1984 -0.9801
vn 0.8091 -0.0000 -0.5877
vn 0.4697 -0.0000 -0.8828
vn 0.1984 -0.0000 -0.9801
vn 0.5721 -0.5721 -0.5877
vn 0.3322 -0.3322 -0.8828
vn 0.1403 -0.1403 -0.9801
vn -0.0000 -0.8091 -0.5877
vn -0.0000 -0.4697 -0.8828
vn -0.0000 -0.1984 -0.9801
vn -0.5721 -0.5721 -0.5877
vn -0.3322 -0.3322 -0.8828
vn -0.1403 -0.1403 -0.9801
vn -0.8091 -0.0000 -0.5877
vn -0.4697 -0.0000 -0.8828
vn -0.1984 -0.0000 -0.9801
vn -0.5721 0.5721 -0.5877
vn -0.3322 0.3322 -0.8828
vn -0.1403 0.1403 -0.9801
vt 0.558390 0.039799
vt 0.558390 0.448876
vt 0.554306 0.448876
vt 0.554306 0.039799
vt 0.290642 0.002438
vt 0.290642 0.498034
vt 0.018064 0.498034
vt 0.018064 0.002438
vt 0.566559 0.264791
vt 0.566559 0.489783
vt 0.562474 0.489783
vt 0.562474 0.264791
vt 0.562475 0.039799
vt 0.562475 0.448876
vt 0.566559 0.039799
vt 0.566559 0.264791
vt 0.562475 0.264791
vt 0.329314 0.039799
vt 0.554306 0.448876
vt 0.329314 0.448876
vt 0.530032 0.466204
vt 0.530032 0.455094
vt 0.538865 0.455300
vt 0.536727 0.466361
vt 0.469783 0.466361
vt 0.467645 0.455300
vt 0.476477 0.455094
vt 0.476477 0.466204
vt 0.485310 0.455300
vt 0.483172 0.466361
vt 0.518875 0.466419
vt 0.521013 0.477480
vt 0.512181 0.477687
vt 0.512181 0.466576
vt 0.503348 0.477480
vt 0.505486 0.466419
vt 0.487635 0.466361
vt 0.485496 0.455300
vt 0.494329 0.455094
vt 0.494329 0.466204
vt 0.460791 0.455094
vt 0.467552 0.461854
vt 0.467552 0.471414
vt 0.460791 0.478175
vt 0.451231 0.478175
vt 0.444470 0.471414
vt 0.444470 0.461854
vt 0.451231 0.455094
vt 0.503162 0.455300
vt 0.501023 0.466361
vt 0.523338 0.466361
vt 0.521199 0.455300
vt 0.530032 0.472590
vt 0.521106 0.472799
vt 0.538958 0.472799
vt 0.485403 0.472799
vt 0.476477 0.472590
vt 0.494329 0.472590
vt 0.512181 0.460190
vt 0.521106 0.459981
vt 0.503255 0.472799
vt 0.467552 0.472799
vt 0.503255 0.459981
vt 0.538958 0.460923
vt 0.544787 0.455094
vt 0.545485 0.456779
vt 0.540643 0.461621
vt 0.546806 0.459968
vt 0.543832 0.462942
vt 0.553032 0.455094
vt 0.552333 0.456779
vt 0.551012 0.459968
vt 0.558861 0.460923
vt 0.557176 0.461621
vt 0.553987 0.462942
vt 0.558861 0.469167
vt 0.557176 0.468469
vt 0.553987 0.467148
vt 0.553032 0.474997
vt 0.552333 0.473311
vt 0.551012 0.470122
vt 0.544787 0.474997
vt 0.545485 0.473311
vt 0.546806 0.470122
vt 0.538958 0.469167
vt 0.540643 0.468469
vt 0.543832 0.467148
vt 0.537649 0.477687
vt 0.530032 0.477508
vt 0.522416 0.477687
vt 0.476477 0.477509
vt 0.468861 0.477687
vt 0.484094 0.477687
vt 0.512181 0.455272
vt 0.519797 0.455094
vt 0.504564 0.455094
vt 0.494329 0.477508
vt 0.486712 0.477687
vt 0.501946 0.477687
s 0
usemtl texture_3
f 113/202/25 111/203/25 117/204/25 115/205/25
f 115/206/26 117/207/26 116/208/26 118/209/26
f 114/210/27 113/211/27 115/212/27 118/213/27
f 112/203/28 114/202/28 118/214/28 116/215/28
f 111/216/29 112/217/29 116/218/29 117/214/29
f 113/219/30 114/205/30 112/220/30 111/221/30
s 1
f 119/222/31 120/223/32 122/224/33 121/225/34
f 121/226/34 122/227/33 124/228/35 123/229/36
f 123/229/36 124/228/35 126/230/37 125/231/38
f 125/232/38 126/233/37 128/234/39 127/235/40
f 127/235/40 128/234/39 130/236/41 129/237/42
f 129/238/42 130/239/41 132/240/43 131/241/44
f 122/242/30 120/243/30 134/244/30 132/245/30 130/246/30 128/247/30 126/248/30 124/249/30
f 131/241/44 132/240/43 134/250/45 133/251/46
f 133/252/46 134/253/45 120/223/32 119/222/31
f 133/252/46 119/222/31 135/254/47 142/255/48
f 119/222/31 121/225/34 136/256/49 135/254/47
f 123/229/36 125/231/38 138/257/50 137/258/51
f 129/238/42 131/241/44 141/259/52 140/257/53
f 125/232/38 127/235/40 139/260/54 138/261/50
f 131/241/44 133/251/46 142/262/48 141/259/52
f 121/226/34 123/229/36 137/258/51 136/263/49
f 127/235/40 129/237/42 140/264/53 139/260/54
f 144/265/55 146/266/56 148/267/57 145/268/58
f 145/268/58 148/267/57 147/269/59 143/270/60
f 146/266/56 149/271/61 151/272/62 148/267/57
f 148/267/57 151/272/62 150/273/63 147/269/59
f 149/271/61 152/274/64 154/275/65 151/272/62
f 151/272/62 154/275/65 153/276/66 150/273/63
f 152/274/64 155/277/67 157/278/68 154/275/65
f 154/275/65 157/278/68 156/279/69 153/276/66
f 155/277/67 158/280/70 160/281/71 157/278/68
f 157/278/68 160/281/71 159/282/72 156/279/69
f 158/280/70 161/283/73 163/284/74 160/281/71
f 160/281/71 163/284/74 162/285/75 159/282/72
f 161/283/73 164/286/76 166/287/77 163/284/74
f 163/284/74 166/287/77 165/288/78 162/285/75
f 164/286/76 144/265/55 145/268/58 166/287/77
f 166/287/77 145/268/58 143/270/60 165/288/78
f 135/254/47 136/256/49 146/289/56 144/290/55
f 143/270/60 147/269/59 150/273/63 153/276/66 156/279/69 159/282/72 162/285/75 165/288/78
f 142/255/48 135/254/47 144/290/55 164/291/76
f 136/263/49 137/258/51 149/292/61 146/293/56
f 137/258/51 138/257/50 152/294/64 149/292/61
f 138/261/50 139/260/54 155/295/67 152/296/64
f 139/260/54 140/264/53 158/297/70 155/295/67
f 140/257/53 141/259/52 161/298/73 158/299/70
f 141/259/52 142/262/48 164/300/76 161/298/73
o slope
v 0.800000 0.000000 2.500000
v 0.800000 2.100000 2.500000
v 0.800000 0.000000 2.480000
v 0.800000 2.100000 2.480000
v 2.000000 0.000000 2.500000
v 2.000000 2.100000 2.500000
v 2.000000 0.000000 2.480000
v 2.000000 2.100000 2.480000
v 0.850000 2.000000 2.480000
v 0.850000 0.000000 2.480000
v 1.950000 0.000000 2.480000
v 1.950000 2.000000 2.480000
v 1.950000 2.000000 2.500000
v 0.850000 0.000000 2.500000
v 0.850000 2.000000 2.500000
v 1.950000 0.000000 2.500000
vn -1.0000 -0.0000 -0.0000
vn -0.0000 -0.0000 -1.0000
vn 1.0000 -0.0000 -0.0000
vn -0.0000 -0.0000 1.0000
vn -0.0000 -1.0000 -0.0000
vn -0.0000 1.0000 -0.0000
vt 0.576360 0.480754
vt 0.576360 0.043939
vt 0.580520 0.043939
vt 0.580520 0.480754
vt 0.308888 0.531516
vt 0.308888 0.001478
vt 0.611767 0.001478
vt 0.611767 0.531516
vt 0.599147 0.531516
vt 0.599147 0.026718
vt 0.321508 0.026718
vt 0.321508 0.531516
vt 0.584680 0.043939
vt 0.584680 0.480754
vt 0.293039 -0.000048
vt 0.305639 -0.000048
vt 0.305639 0.529152
vt 0.003239 0.529152
vt 0.003239 -0.000048
vt 0.015839 -0.000048
vt 0.015839 0.503952
vt 0.293039 0.503952
vt 0.432454 0.475322
vt 0.425851 0.475322
vt 0.425851 0.458813
vt 0.432454 0.458813
vt 0.439057 0.458813
vt 0.439057 0.475322
vt 0.597160 0.043939
vt 0.597160 0.293547
vt 0.593000 0.293547
vt 0.593000 0.043939
vt 0.588840 0.043939
vt 0.588840 0.459953
vt 0.584680 0.459953
vt 0.597161 0.293547
vt 0.597161 0.522355
vt 0.593000 0.522355
vt 0.588840 0.459953
vt 0.588840 0.043939
vt 0.593000 0.459953
s 0
usemtl texture_3
f 167/301/79 168/302/79 170/303/79 169/304/79
f 169/305/80 170/306/80 174/307/80 173/308/80 177/309/80 178/310/80 175/311/80 176/312/80
f 173/304/81 174/303/81 172/313/81 171/314/81
f 182/315/82 171/316/82 172/317/82 168/318/82 167/319/82 180/320/82 181/321/82 179/322/82
f 173/323/83 171/324/83 182/325/83 177/326/83
f 167/326/83 169/327/83 176/328/83 180/323/83
f 174/329/84 170/330/84 168/331/84 172/332/84
f 179/313/79 178/333/79 177/334/79 182/335/79
f 175/336/83 178/337/83 179/338/83 181/331/83
f 176/339/81 175/340/81 181/332/81 180/341/81
o table
v -0.700000 0.800000 1.250000
v -0.750000 0.800000 1.200000
v -0.725000 0.800000 1.243301
v -0.743301 0.800000 1.225000
v -0.750000 0.860000 1.200000
v -0.700000 0.860000 1.250000
v -0.743301 0.860000 1.225000
v -0.725000 0.860000 1.243301
v -0.750000 0.800000 -1.200000
v -0.700000 0.800000 -1.250000
v -0.743301 0.800000 -1.225000
v -0.725000 0.800000 -1.243301
v -0.700000 0.860000 -1.250000
v -0.750000 0.860000 -1.200000
v -0.725000 0.860000 -1.243301
v -0.743301 0.860000 -1.225000
v 0.750000 0.800000 1.200000
v 0.700000 0.800000 1.250000
v 0.743301 0.800000 1.225000
v 0.725000 0.800000 1.243301
v 0.700000 0.860000 1.250000
v 0.750000 0.860000 1.200000
v 0.725000 0.860000 1.243301
v 0.743301 0.860000 1.225000
v 0.700000 0.800000 -1.250000
v 0.750000 0.800000 -1.200000
v 0.725000 0.800000 -1.243301
v 0.743301 0.800000 -1.225000
v 0.750000 0.860000 -1.200000
v 0.700000 0.860000 -1.250000
v 0.743301 0.860000 -1.225000
v 0.725000 0.860000 -1.243301
v 0.632000 0.000000 1.168000
v 0.625000 0.800000 1.175000
v 0.632000 0.000000 1.132000
v 0.625000 0.800000 1.125000
v 0.668000 0.000000 1.168000
v 0.675000 0.800000 1.175000
v 0.668000 0.000000 1.132000
v 0.675000 0.800000 1.125000
v -0.672500 0.000000 1.172500
v -0.675000 0.800000 1.175000
v -0.672500 0.000000 1.127500
v -0.675000 0.800000 1.125000
v -0.627500 0.000000 1.172500
v -0.625000 0.800000 1.175000
v -0.627500 0.000000 1.127500
v -0.625000 0.800000 1.125000
v 0.627500 0.000000 -1.127500
v 0.625000 0.800000 -1.125000
v 0.627500 0.000000 -1.172500
v 0.625000 0.800000 -1.175000
v 0.672500 0.000000 -1.127500
v 0.675000 0.800000 -1.125000
v 0.672500 0.000000 -1.172500
v 0.675000 0.800000 -1.175000
v -0.672500 0.000000 -1.127500
v -0.675000 0.800000 -1.125000
v -0.672500 0.000000 -1.172500
v -0.675000 0.800000 -1.175000
v -0.627500 0.000000 -1.127500
v -0.625000 0.800000 -1.125000
v -0.627500 0.000000 -1.172500
v -0.625000 0.800000 -1.175000
vn -0.1305 -0.0000 0.9914
vn -0.5000 -0.0000 0.8660
vn -0.8660 -0.0000 0.5000
vn -0.9914 -0.0000 0.1305
vn -0.1305 -0.0000 -0.9914
vn -0.5000 -0.0000 -0.8660
vn -0.8660 -0.0000 -0.5000
vn -0.9914 -0.0000 -0.1305
vn 0.9914 -0.0000 -0.1305
vn 0.8660 -0.0000 -0.5000
vn 0.5000 -0.0000 -0.8660
vn 0.1305 -0.0000 -0.9914
vn 0.1305 -0.0000 0.9914
vn 0.5000 -0.0000 0.8660
vn 0.8660 -0.0000 0.5000
vn 0.9914 -0.0000 0.1305
vn -0.0000 -1.0000 -0.0000
vn -0.0000 1.0000 -0.0000
vn -1.0000 -0.0087 -0.0000
vn -0.0000 -0.0087 -1.0000
vn 1.0000 -0.0087 -0.0000
vn -0.0000 -0.0087 1.0000
vn -1.0000 -0.0031 -0.0000
vn -0.0000 -0.0031 -1.0000
vn 1.0000 -0.0031 -0.0000
vn -0.0000 -0.0031 1.0000
vt 0.720544 0.008860
vt 0.710051 0.008860
vt 0.710054 0.004488
vt 0.720547 0.004488
vt 0.710063 0.001287
vt 0.720556 0.001287
vt 0.699555 0.431429
vt 0.689061 0.431427
vt 0.689058 0.427181
vt 0.699552 0.427184
vt 0.710058 0.513028
vt 0.720552 0.513030
vt 0.720555 0.517276
vt 0.710061 0.517274
vt 0.689061 0.001287
vt 0.699555 0.001289
vt 0.699547 0.004772
vt 0.689054 0.004769
vt 0.699544 0.009233
vt 0.689051 0.009231
vt 0.699555 0.425397
vt 0.710048 0.425397
vt 0.710051 0.429769
vt 0.699558 0.429769
vt 0.710061 0.261280
vt 0.720555 0.261282
vt 0.720547 0.264764
vt 0.710054 0.264762
vt 0.720544 0.269226
vt 0.710051 0.269224
vt 0.710051 0.253707
vt 0.720544 0.253707
vt 0.720547 0.258079
vt 0.710054 0.258079
vt 0.720556 0.261280
vt 0.710062 0.261280
vt 0.699558 0.001287
vt 0.710051 0.001287
vt 0.710048 0.005660
vt 0.699555 0.005660
vt 0.513124 0.723825
vt 0.508146 0.723187
vt 0.504501 0.721444
vt 0.503167 0.719064
vt 0.503167 0.585747
vt 0.504501 0.583366
vt 0.508146 0.581623
vt 0.513124 0.580985
vt 0.991082 0.580985
vt 0.996061 0.581623
vt 0.999705 0.583366
vt 1.001039 0.585747
vt 1.001039 0.719064
vt 0.999705 0.721444
vt 0.996061 0.723187
vt 0.991082 0.723825
vt 0.511489 0.997640
vt 0.506510 0.996446
vt 0.502866 0.993183
vt 0.501532 0.988727
vt 0.501532 0.739168
vt 0.502866 0.734711
vt 0.506510 0.731449
vt 0.511489 0.730255
vt 0.989447 0.730255
vt 0.994425 0.731449
vt 0.998070 0.734711
vt 0.999404 0.739168
vt 0.999404 0.988727
vt 0.998070 0.993183
vt 0.994425 0.996446
vt 0.989447 0.997640
vt 0.730602 0.421028
vt 0.729300 0.281113
vt 0.738008 0.281113
vt 0.736871 0.421028
vt 0.730602 0.560943
vt 0.729300 0.421028
vt 0.738008 0.421028
vt 0.736871 0.560943
vt 0.721780 0.281117
vt 0.720556 0.141202
vt 0.729300 0.141202
vt 0.728076 0.281117
vt 0.721780 0.141202
vt 0.729300 0.001287
vt 0.728076 0.141202
vt 0.943379 0.525133
vt 0.937083 0.525133
vt 0.937083 0.518836
vt 0.943379 0.518836
vt 0.943379 0.468993
vt 0.934634 0.468993
vt 0.934634 0.460248
vt 0.943379 0.460248
vt 0.990915 0.539098
vt 0.990470 0.399185
vt 0.999178 0.399185
vt 0.998752 0.539098
vt 0.953942 0.533555
vt 0.953497 0.393642
vt 0.962204 0.393642
vt 0.961779 0.533555
vt 0.720993 0.560944
vt 0.720556 0.421031
vt 0.729300 0.421031
vt 0.728863 0.560944
vt 0.720993 0.421031
vt 0.720556 0.281118
vt 0.729300 0.281118
vt 0.728863 0.421031
vt 0.943379 0.503096
vt 0.935509 0.503096
vt 0.935509 0.495226
vt 0.943379 0.495226
vt 0.943379 0.477737
vt 0.934634 0.477737
vt 0.934634 0.468993
vt 0.943379 0.468993
vt 0.911262 0.581728
vt 0.910816 0.441815
vt 0.919524 0.441815
vt 0.919098 0.581728
vt 0.973501 0.539098
vt 0.973056 0.399185
vt 0.981763 0.399185
vt 0.981337 0.539098
vt 0.699992 0.569682
vt 0.699555 0.429769
vt 0.708299 0.429769
vt 0.707862 0.569682
vt 0.689488 0.571342
vt 0.689051 0.431429
vt 0.697795 0.431429
vt 0.697358 0.571342
vt 0.943379 0.510966
vt 0.935509 0.510966
vt 0.935509 0.503096
vt 0.943379 0.503096
vt 0.943379 0.486482
vt 0.934634 0.486482
vt 0.919969 0.581728
vt 0.928231 0.441815
vt 0.927805 0.581728
vt 0.982208 0.539098
vt 0.981763 0.399185
vt 0.990470 0.399185
vt 0.990045 0.539098
vt 0.729738 0.141200
vt 0.729300 0.001287
vt 0.738045 0.001287
vt 0.737608 0.141200
vt 0.729738 0.281113
vt 0.729300 0.141200
vt 0.738045 0.141200
vt 0.737608 0.281113
vt 0.943379 0.518836
vt 0.935509 0.518836
vt 0.943379 0.495226
vt 0.934634 0.495226
vt 0.934634 0.486482
vt 0.943379 0.486482
s 1
usemtl texture_2
f 183/342/85 188/343/85 190/344/86 185/345/86
f 185/345/86 190/344/86 189/346/87 186/347/87
f 186/348/87 189/349/87 187/350/88 184/351/88
f 195/352/89 192/353/89 194/354/90 197/355/90
f 197/356/90 194/357/90 193/358/91 198/359/91
f 198/359/91 193/358/91 191/360/92 196/361/92
f 211/362/93 208/363/93 210/364/94 213/365/94
f 213/366/94 210/367/94 209/368/95 214/369/95
f 214/369/95 209/368/95 207/370/96 212/371/96
f 203/372/97 200/373/97 202/374/98 205/375/98
f 205/375/98 202/374/98 201/376/99 206/377/99
f 206/378/99 201/379/99 199/380/100 204/381/100
f 191/382/101 193/383/101 194/384/101 192/385/101 207/386/101 209/387/101 210/388/101 208/389/101 199/390/101 201/391/101 202/392/101 200/393/101 183/394/101 185/395/101 186/396/101 184/397/101
f 184/351/88 187/350/88 196/361/92 191/360/92
f 200/373/97 203/372/97 188/343/85 183/342/85
f 211/398/102 213/399/102 214/400/102 212/401/102 195/402/102 197/403/102 198/404/102 196/405/102 187/406/102 189/407/102 190/408/102 188/409/102 203/410/102 205/411/102 206/412/102 204/413/102
f 192/353/89 195/352/89 212/371/96 207/370/96
f 208/363/93 211/362/93 204/381/100 199/380/100
s 0
f 215/414/103 216/415/103 218/416/103 217/417/103
f 217/418/104 218/419/104 222/420/104 221/421/104
f 221/422/105 222/423/105 220/424/105 219/425/105
f 219/426/106 220/347/106 216/427/106 215/428/106
f 217/429/101 221/430/101 219/431/101 215/432/101
f 222/433/102 218/434/102 216/435/102 220/436/102
f 223/437/107 224/438/107 226/439/107 225/440/107
f 225/441/108 226/442/108 230/443/108 229/444/108
f 229/445/109 230/446/109 228/447/109 227/448/109
f 227/449/110 228/450/110 224/451/110 223/452/110
f 225/453/101 229/454/101 227/455/101 223/456/101
f 230/457/102 226/458/102 224/459/102 228/460/102
f 231/461/107 232/462/107 234/463/107 233/464/107
f 233/465/108 234/466/108 238/467/108 237/468/108
f 237/469/109 238/470/109 236/471/109 235/472/109
f 235/473/110 236/474/110 232/475/110 231/476/110
f 233/477/101 237/478/101 235/479/101 231/480/101
f 238/481/102 234/482/102 232/458/102 236/457/102
f 239/483/107 240/463/107 242/484/107 241/485/107
f 241/486/108 242/487/108 246/488/108 245/489/108
f 245/490/109 246/491/109 244/492/109 243/493/109
f 243/494/110 244/495/110 240/496/110 239/497/110
f 241/498/101 245/499/101 243/478/101 239/477/101
f 246/500/102 242/501/102 240/502/102 244/503/102
o chair_1
v -1.595019 0.460000 0.325000
v -1.595022 0.500017 0.324984
v -1.595019 0.460000 -0.325000
v -1.595022 0.500017 -0.324984
v -1.634411 0.493054 -0.325000
v -1.634411 0.493054 0.325000
v -1.755965 1.182420 -0.287857
v -1.749019 1.143027 -0.325000
v -1.751050 1.154548 -0.298720
v -1.755436 1.179421 -0.302071
v -1.753930 1.170882 -0.314121
v -1.751677 1.158102 -0.322173
v -1.749019 1.143027 0.325000
v -1.755965 1.182420 0.287857
v -1.751050 1.154548 0.298720
v -1.751677 1.158102 0.322173
v -1.753930 1.170882 0.314121
v -1.755436 1.179421 0.302071
v -1.716573 1.189365 0.287857
v -1.709627 1.149973 0.325000
v -1.711658 1.161494 0.298720
v -1.716044 1.186367 0.302071
v -1.714538 1.177828 0.314121
v -1.712285 1.165048 0.322173
v -1.709627 1.149973 -0.325000
v -1.716573 1.189365 -0.287857
v -1.711658 1.161494 -0.298720
v -1.712285 1.165048 -0.322173
v -1.714538 1.177828 -0.314121
v -1.716044 1.186367 -0.302071
v -1.629050 0.485201 0.325000
v -1.604712 0.464524 0.325000
v -1.624336 0.479435 0.325000
v -1.618055 0.473481 0.325000
v -1.611164 0.468245 0.325000
v -1.604712 0.464524 -0.325000
v -1.629050 0.485201 -0.325000
v -1.611164 0.468245 -0.325000
v -1.618055 0.473481 -0.325000
v -1.624336 0.479435 -0.325000
v -1.750755 1.152875 0.250714
v -1.742073 1.103635 0.297143
v -1.749592 1.146278 0.273929
v -1.746414 1.128255 0.290923
v -1.702681 1.110581 0.297143
v -1.711363 1.159821 0.250714
v -1.707022 1.135201 0.290923
v -1.710200 1.153224 0.273929
v -1.742073 1.103635 -0.297143
v -1.750755 1.152875 -0.250714
v -1.746414 1.128255 -0.290923
v -1.749592 1.146278 -0.273929
v -1.711363 1.159821 -0.250714
v -1.702681 1.110581 -0.297143
v -1.710200 1.153224 -0.273929
v -1.707022 1.135201 -0.290923
v -1.648303 0.571839 0.297143
v -1.639620 0.522598 0.250714
v -1.634417 0.493089 0.324967
v -1.643962 0.547219 0.290923
v -1.640784 0.529195 0.273929
v -1.600228 0.529544 0.250714
v -1.608911 0.578785 0.297143
v -1.601391 0.536141 0.273929
v -1.604569 0.554164 0.290923
v -1.639620 0.522598 -0.250714
v -1.648303 0.571839 -0.297143
v -1.634417 0.493089 -0.324967
v -1.640784 0.529195 -0.273929
v -1.643962 0.547219 -0.290923
v -1.608911 0.578785 -0.297143
v -1.600228 0.529544 -0.250714
v -1.604569 0.554164 -0.290923
v -1.601391 0.536141 -0.273929
v -0.945019 0.460000 0.297143
v -0.975019 0.460000 0.325000
v -0.949038 0.460000 0.311071
v -0.960019 0.460000 0.321268
v -0.975019 0.500001 0.324999
v -0.945019 0.500000 0.297143
v -0.960019 0.500000 0.321267
v -0.949038 0.500000 0.311071
v -0.975019 0.460000 -0.325000
v -0.945019 0.460000 -0.297143
v -0.960019 0.460000 -0.321268
v -0.949038 0.460000 -0.311071
v -0.945019 0.500000 -0.297143
v -0.975019 0.500001 -0.324999
v -0.949038 0.500000 -0.311071
v -0.960019 0.500000 -0.321268
v -1.007269 -0.000000 0.289946
v -1.012519 0.460000 0.294821
v -1.007269 -0.000000 0.267196
v -1.012519 0.460000 0.262321
v -0.982769 -0.000000 0.289946
v -0.977519 0.460000 0.294821
v -0.982769 -0.000000 0.267196
v -0.977519 0.460000 0.262321
v -1.007269 -0.000000 -0.267196
v -1.012519 0.460000 -0.262321
v -1.007269 -0.000000 -0.289946
v -1.012519 0.460000 -0.294821
v -0.982769 -0.000000 -0.267196
v -0.977519 0.460000 -0.262321
v -0.982769 -0.000000 -0.289946
v -0.977519 0.460000 -0.294821
v -1.557269 -0.000000 0.289946
v -1.562519 0.460000 0.294821
v -1.557269 -0.000000 0.267196
v -1.562519 0.460000 0.262321
v -1.532769 -0.000000 0.289946
v -1.527519 0.460000 0.294821
v -1.532769 -0.000000 0.267196
v -1.527519 0.460000 0.262321
v -1.557269 -0.000000 -0.267196
v -1.562519 0.460000 -0.262321
v -1.557269 -0.000000 -0.289946
v -1.562519 0.460000 -0.294821
v -1.532769 -0.000000 -0.267196
v -1.527519 0.460000 -0.262321
v -1.532769 -0.000000 -0.289946
v -1.527519 0.460000 -0.294821
v -1.619924 0.526071 -0.178750
v -1.627310 0.524769 -0.185714
v -1.625147 0.525150 -0.180790
v -1.740182 1.164894 -0.185714
v -1.732796 1.166196 -0.178750
v -1.738018 1.165275 -0.180790
v -1.619924 0.526071 -0.192679
v -1.625147 0.525150 -0.190639
v -1.732796 1.166196 -0.192679
v -1.738018 1.165275 -0.190639
v -1.612538 0.527374 -0.185714
v -1.614702 0.526992 -0.180790
v -1.725410 1.167499 -0.185714
v -1.727573 1.167117 -0.180790
v -1.614702 0.526992 -0.190639
v -1.727573 1.167117 -0.190639
v -1.619924 0.526071 -0.085893
v -1.627310 0.524769 -0.092857
v -1.625147 0.525150 -0.087933
v -1.740182 1.164894 -0.092857
v -1.732796 1.166196 -0.085893
v -1.738018 1.165275 -0.087933
v -1.619924 0.526071 -0.099821
v -1.625147 0.525150 -0.097782
v -1.732796 1.166196 -0.099821
v -1.738018 1.165275 -0.097782
v -1.612538 0.527374 -0.092857
v -1.614702 0.526992 -0.087933
v -1.725410 1.167499 -0.092857
v -1.727573 1.167117 -0.087933
v -1.614702 0.526992 -0.097782
v -1.727573 1.167117 -0.097782
v -1.619924 0.526071 0.006964
v -1.627310 0.524769 -0.000000
v -1.625147 0.525150 0.004924
v -1.740182 1.164894 -0.000000
v -1.732796 1.166196 0.006964
v -1.738018 1.165275 0.004924
v -1.619924 0.526071 -0.006964
v -1.625147 0.525150 -0.004925
v -1.732796 1.166196 -0.006964
v -1.738018 1.165275 -0.004925
v -1.612538 0.527374 -0.000000
v -1.614702 0.526992 0.004924
v -1.725410 1.167499 -0.000000
v -1.727573 1.167117 0.004924
v -1.614702 0.526992 -0.004925
v -1.727573 1.167117 -0.004925
v -1.619924 0.526071 0.099821
v -1.627310 0.524769 0.092857
v -1.625147 0.525150 0.097782
v -1.740182 1.164894 0.092857
v -1.732796 1.166196 0.099821
v -1.738018 1.165275 0.097782
v -1.619924 0.526071 0.085893
v -1.625147 0.525150 0.087933
v -1.732796 1.166196 0.085893
v -1.738018 1.165275 0.087933
v -1.612538 0.527374 0.092857
v -1.614702 0.526992 0.097782
v -1.725410 1.167499 0.092857
v -1.727573 1.167117 0.097782
v -1.614702 0.526992 0.087933
v -1.727573 1.167117 0.087933
v -1.619924 0.526071 0.192679
v -1.627310 0.524769 0.185714
v -1.625147 0.525150 0.190639
v -1.740182 1.164894 0.185714
v -1.732796 1.166196 0.192679
v -1.738018 1.165275 0.190639
v -1.619924 0.526071 0.178750
v -1.625147 0.525150 0.180790
v -1.732796 1.166196 0.178750
v -1.738018 1.165275 0.180790
v -1.612538 0.527374 0.185714
v -1.614702 0.526992 0.190639
v -1.725410 1.167499 0.185714
v -1.727573 1.167117 0.190639
v -1.614702 0.526992 0.180790
v -1.727573 1.167117 0.180790
vn -0.9848 -0.1736 -0.0000
vn 0.9848 0.1736 -0.0000
vn 0.9848 0.1737 -0.0000
vn -0.0157 0.0898 0.9958
vn -0.0626 0.3552 0.9327
vn -0.1185 0.6721 0.7309
vn -0.1587 0.9003 0.4054
vn -0.1727 0.9793 0.1053
vn -0.0157 0.0898 -0.9958
vn -0.0626 0.3552 -0.9327
vn -0.1185 0.6721 -0.7309
vn -0.1587 0.9003 -0.4054
vn -0.1727 0.9793 -0.1053
vn 0.0002 0.0002 -1.0000
vn 0.0002 0.0002 1.0000
vn -0.8008 -0.5990 -0.0000
vn -0.7325 -0.6807 -0.0000
vn -0.6475 -0.7621 -0.0000
vn -0.5534 -0.8329 -0.0000
vn -0.4617 -0.8870 -0.0000
vn 0.0003 0.0003 1.0000
vn 0.0001 0.0003 1.0000
vn -0.2166 -0.9763 -0.0000
vn -0.9261 -0.3772 -0.0000
vn 0.0001 0.0003 -1.0000
vn 0.0003 0.0003 -1.0000
vn -0.1719 0.9751 0.1400
vn -0.1479 0.8387 0.5241
vn -0.0827 0.4688 0.8794
vn -0.0211 0.1198 0.9926
vn 0.0211 -0.1198 0.9926
vn 0.0827 -0.4688 0.8794
vn 0.1479 -0.8387 0.5241
vn 0.1719 -0.9751 0.1400
vn -0.0211 0.1198 -0.9926
vn -0.0827 0.4688 -0.8794
vn -0.1479 0.8387 -0.5241
vn -0.1719 0.9751 -0.1400
vn 0.1719 -0.9751 -0.1400
vn 0.1479 -0.8387 -0.5241
vn 0.0827 -0.4688 -0.8794
vn 0.0211 -0.1198 -0.9926
vn 0.9902 -0.0000 -0.1400
vn 0.8516 -0.0000 -0.5241
vn 0.4760 -0.0000 -0.8794
vn 0.1216 0.0001 -0.9926
vn 0.1216 0.0001 0.9926
vn 0.4760 -0.0000 0.8794
vn 0.8516 -0.0000 0.5241
vn 0.9902 -0.0000 0.1400
vn -0.0000 -1.0000 -0.0000
vn -0.0000 1.0000 -0.0000
vn -0.9999 -0.0114 -0.0000
vn -0.0000 -0.0106 -0.9999
vn 0.9999 -0.0114 -0.0000
vn -0.0000 -0.0106 0.9999
vn -0.0000 -0.0000 1.0000
vn -0.6779 -0.1195 0.7254
vn -0.0000 -0.0000 -1.0000
vn -0.6779 -0.1195 -0.7254
vn 0.6779 0.1195 -0.7254
vn 0.6779 0.1195 0.7254
vn 0.1736 -0.9848 -0.0000
vn -0.1737 0.9848 -0.0000
vn -0.1736 0.9848 -0.0000
vt 0.897913 0.173466
vt 0.901399 0.174213
vt 0.900577 0.180406
vt 0.904354 0.176339
vt 0.906328 0.179521
vt 0.907022 0.183274
vt 0.747622 0.183274
vt 0.748316 0.179521
vt 0.754067 0.180406
vt 0.750290 0.176339
vt 0.753245 0.174213
vt 0.756731 0.173466
vt 0.897913 0.350469
vt 0.901399 0.351215
vt 0.900577 0.357406
vt 0.904354 0.353341
vt 0.906328 0.356522
vt 0.907022 0.360273
vt 0.747622 0.360273
vt 0.748316 0.356522
vt 0.754067 0.357406
vt 0.750290 0.353341
vt 0.753245 0.351215
vt 0.756731 0.350469
vt 0.773182 0.369260
vt 0.769062 0.372538
vt 0.767799 0.370955
vt 0.771919 0.367677
vt 0.766709 0.369602
vt 0.770829 0.366324
vt 0.920026 0.156542
vt 0.910231 0.156542
vt 0.910348 0.153587
vt 0.920142 0.153587
vt 0.910389 0.150102
vt 0.920183 0.150102
vt 0.886390 0.372538
vt 0.882269 0.369260
vt 0.883532 0.367678
vt 0.887653 0.370955
vt 0.884622 0.366324
vt 0.888743 0.369602
vt 0.910231 0.002479
vt 0.920026 0.002479
vt 0.920142 0.005434
vt 0.910348 0.005434
vt 0.920183 0.008919
vt 0.910389 0.008919
vt 0.832349 0.440516
vt 0.828227 0.437240
vt 0.827224 0.437240
vt 0.823102 0.440516
vt 0.949887 0.341461
vt 0.949887 0.500861
vt 0.948310 0.500861
vt 0.948310 0.341461
vt 0.946627 0.500861
vt 0.946627 0.341461
vt 0.904702 0.169055
vt 0.745303 0.169055
vt 0.745303 0.167406
vt 0.904702 0.167406
vt 0.745303 0.165853
vt 0.904702 0.165853
vt 0.827530 0.438453
vt 0.827687 0.439421
vt 0.827726 0.440559
vt 0.827641 0.441695
vt 0.827444 0.442656
vt 0.827045 0.444006
vt 0.745303 0.163512
vt 0.904702 0.163512
vt 0.951995 0.341461
vt 0.951995 0.500861
vt 0.828407 0.444006
vt 0.828007 0.442656
vt 0.827811 0.441695
vt 0.827765 0.439421
vt 0.827921 0.438453
vt 0.765839 0.180822
vt 0.760147 0.182465
vt 0.755979 0.186952
vt 0.754454 0.193082
vt 0.900190 0.370078
vt 0.898665 0.363950
vt 0.894497 0.359464
vt 0.888805 0.357822
vt 0.900190 0.193082
vt 0.898665 0.186952
vt 0.894497 0.182465
vt 0.888805 0.180822
vt 0.765839 0.357822
vt 0.760147 0.359464
vt 0.755979 0.363950
vt 0.754454 0.370078
vt 0.754454 0.325486
vt 0.755979 0.331615
vt 0.747630 0.345092
vt 0.760147 0.336103
vt 0.765839 0.337745
vt 0.888805 0.514693
vt 0.894497 0.513051
vt 0.907018 0.522042
vt 0.898665 0.508565
vt 0.900190 0.502437
vt 0.888805 0.337745
vt 0.894497 0.336103
vt 0.907014 0.345092
vt 0.898665 0.331615
vt 0.900190 0.325486
vt 0.754454 0.502437
vt 0.755979 0.508565
vt 0.747626 0.522042
vt 0.760147 0.513051
vt 0.765839 0.514693
vt 0.969230 0.358958
vt 0.969230 0.349163
vt 0.974923 0.349254
vt 0.974923 0.359048
vt 0.919260 0.312711
vt 0.909451 0.312714
vt 0.909408 0.308110
vt 0.919216 0.308107
vt 0.909392 0.301939
vt 0.919200 0.301936
vt 0.919200 0.169565
vt 0.909392 0.169568
vt 0.909408 0.163483
vt 0.919216 0.163480
vt 0.909451 0.159114
vt 0.919260 0.159111
vt 0.969538 0.370850
vt 0.969538 0.361142
vt 0.975231 0.361376
vt 0.975231 0.371085
vt 0.919319 0.301936
vt 0.929128 0.301939
vt 0.929112 0.308110
vt 0.919303 0.308107
vt 0.929069 0.312714
vt 0.919260 0.312711
vt 0.969538 0.380969
vt 0.969538 0.371175
vt 0.975231 0.380879
vt 0.969230 0.339455
vt 0.974923 0.339220
vt 0.974923 0.348929
vt 0.919260 0.159111
vt 0.929069 0.159114
vt 0.929112 0.163483
vt 0.919303 0.163480
vt 0.929128 0.169568
vt 0.919319 0.169565
vt 0.918965 0.436818
vt 0.909257 0.436818
vt 0.909257 0.313852
vt 0.918965 0.313852
vt 0.747622 0.345101
vt 0.907022 0.345101
vt 0.928760 0.436818
vt 0.928760 0.313852
vt 0.920324 0.151631
vt 0.930033 0.151631
vt 0.929892 0.155047
vt 0.920183 0.155047
vt 0.888743 0.504171
vt 0.884802 0.507659
vt 0.883809 0.506597
vt 0.887750 0.503109
vt 0.882488 0.505126
vt 0.886429 0.501638
vt 0.769022 0.501638
vt 0.772963 0.505126
vt 0.771642 0.506597
vt 0.767701 0.503109
vt 0.770650 0.507659
vt 0.766709 0.504171
vt 0.920183 0.002479
vt 0.929892 0.002479
vt 0.930033 0.005894
vt 0.920324 0.005894
vt 0.745303 0.011543
vt 0.746218 0.007866
vt 0.748719 0.005175
vt 0.752134 0.004189
vt 0.897871 0.004189
vt 0.901287 0.005175
vt 0.903787 0.007866
vt 0.904702 0.011543
vt 0.764324 0.201069
vt 0.765125 0.198274
vt 0.767313 0.196228
vt 0.770301 0.195479
vt 0.893831 0.195482
vt 0.893831 0.325915
vt 0.770301 0.325918
vt 0.767313 0.325169
vt 0.765125 0.323123
vt 0.764324 0.320328
vt 0.960786 0.277596
vt 0.959590 0.165977
vt 0.967560 0.165977
vt 0.966365 0.277596
vt 0.981283 0.392172
vt 0.979971 0.279451
vt 0.988554 0.279451
vt 0.987291 0.392172
vt 0.992284 0.276926
vt 0.991089 0.165461
vt 0.999059 0.165461
vt 0.997863 0.276926
vt 0.954116 0.392172
vt 0.952853 0.279451
vt 0.961436 0.279451
vt 0.960124 0.392172
vt 0.972067 0.311623
vt 0.972067 0.305618
vt 0.977646 0.305618
vt 0.977646 0.311623
vt 0.979836 0.288368
vt 0.979836 0.296890
vt 0.971866 0.296890
vt 0.971866 0.288368
vt 0.946610 0.340349
vt 0.945415 0.228730
vt 0.953385 0.228730
vt 0.952189 0.340349
vt 0.933524 0.343961
vt 0.932213 0.231240
vt 0.940795 0.231240
vt 0.939533 0.343961
vt 0.949605 0.112630
vt 0.948409 0.001165
vt 0.956379 0.001165
vt 0.955184 0.112630
vt 0.991619 0.393033
vt 0.990356 0.280312
vt 0.998939 0.280312
vt 0.997627 0.393033
vt 0.972067 0.317629
vt 0.977646 0.317629
vt 0.979858 0.279517
vt 0.979858 0.288038
vt 0.971888 0.288038
vt 0.971888 0.279517
vt 0.941315 0.226595
vt 0.940119 0.114976
vt 0.948089 0.114976
vt 0.946894 0.226595
vt 0.939453 0.344086
vt 0.940765 0.456806
vt 0.932182 0.456806
vt 0.933445 0.344086
vt 0.941635 0.112630
vt 0.940439 0.001165
vt 0.948409 0.001165
vt 0.947214 0.112630
vt 0.975799 0.279283
vt 0.974536 0.166562
vt 0.983119 0.166562
vt 0.981807 0.279283
vt 0.971968 0.317883
vt 0.977974 0.317883
vt 0.977974 0.323462
vt 0.971968 0.323462
vt 0.976175 0.329774
vt 0.976175 0.338296
vt 0.968205 0.338296
vt 0.968205 0.329774
vt 0.984314 0.277081
vt 0.983119 0.165461
vt 0.989893 0.277081
vt 0.933168 0.113885
vt 0.931856 0.001165
vt 0.940439 0.001165
vt 0.939176 0.113885
vt 0.949285 0.226441
vt 0.948089 0.114976
vt 0.956059 0.114976
vt 0.954864 0.226441
vt 0.932799 0.227696
vt 0.931536 0.114976
vt 0.940119 0.114976
vt 0.938807 0.227696
vt 0.971968 0.323462
vt 0.977974 0.323462
vt 0.977974 0.329041
vt 0.971968 0.329041
vt 0.979880 0.296989
vt 0.979880 0.305511
vt 0.971910 0.305511
vt 0.971910 0.296989
vt 0.964667 0.163240
vt 0.964667 0.003905
vt 0.965963 0.003890
vt 0.965963 0.163226
vt 0.988628 0.163265
vt 0.988628 0.003890
vt 0.989836 0.003900
vt 0.989836 0.163275
vt 0.964075 0.279262
vt 0.964075 0.438598
vt 0.962780 0.438583
vt 0.962780 0.279248
vt 0.991043 0.003890
vt 0.991043 0.163265
vt 0.970439 0.166305
vt 0.970439 0.325626
vt 0.969232 0.325643
vt 0.969232 0.166322
vt 0.965381 0.279248
vt 0.965381 0.438584
vt 0.963362 0.163226
vt 0.963362 0.003891
vt 0.971647 0.166322
vt 0.971647 0.325643
vt 0.977412 0.351505
vt 0.976479 0.350570
vt 0.976479 0.349189
vt 0.977412 0.348171
vt 0.978730 0.348111
vt 0.979663 0.349046
vt 0.979663 0.350426
vt 0.978730 0.351445
vt 0.978688 0.351594
vt 0.979621 0.352530
vt 0.979621 0.353921
vt 0.978688 0.354953
vt 0.977368 0.355021
vt 0.976434 0.354085
vt 0.976434 0.352694
vt 0.977368 0.351662
vt 0.966687 0.438598
vt 0.966687 0.279262
vt 0.967982 0.279248
vt 0.967982 0.438583
vt 0.978967 0.163265
vt 0.978967 0.003890
vt 0.980175 0.003900
vt 0.980175 0.163275
vt 0.962056 0.003905
vt 0.962056 0.163240
vt 0.960761 0.163226
vt 0.960761 0.003890
vt 0.981382 0.003890
vt 0.981382 0.163265
vt 0.992251 0.003890
vt 0.992251 0.163212
vt 0.991043 0.163229
vt 0.991043 0.003907
vt 0.963362 0.003891
vt 0.963362 0.163226
vt 0.965381 0.438584
vt 0.993459 0.003907
vt 0.993459 0.163229
vt 0.978766 0.358607
vt 0.977447 0.358547
vt 0.976515 0.357529
vt 0.976515 0.356148
vt 0.977447 0.355213
vt 0.978766 0.355273
vt 0.979698 0.356292
vt 0.979698 0.357673
vt 0.977629 0.329979
vt 0.978950 0.330047
vt 0.979883 0.331079
vt 0.979883 0.332471
vt 0.978950 0.333407
vt 0.977629 0.333339
vt 0.976696 0.332307
vt 0.976696 0.330915
vt 0.959465 0.163240
vt 0.959465 0.003905
vt 0.982590 0.003900
vt 0.982590 0.163275
vt 0.969859 0.003905
vt 0.969859 0.163240
vt 0.968563 0.163226
vt 0.968563 0.003890
vt 0.983798 0.003890
vt 0.983798 0.163265
vt 0.943605 0.229729
vt 0.943605 0.389051
vt 0.942398 0.389067
vt 0.942398 0.229746
vt 0.971164 0.003891
vt 0.971164 0.163226
vt 0.957365 0.114990
vt 0.957365 0.274326
vt 0.956059 0.274312
vt 0.956059 0.114977
vt 0.944813 0.229746
vt 0.944813 0.389067
vt 0.977493 0.362106
vt 0.976561 0.361171
vt 0.976561 0.359790
vt 0.977493 0.358772
vt 0.978812 0.358712
vt 0.979744 0.359647
vt 0.979744 0.361028
vt 0.978812 0.362046
vt 0.978846 0.362206
vt 0.979779 0.363142
vt 0.979779 0.364534
vt 0.978846 0.365566
vt 0.977525 0.365633
vt 0.976592 0.364697
vt 0.976592 0.363306
vt 0.977525 0.362274
vt 0.975071 0.163240
vt 0.975071 0.003905
vt 0.976366 0.003890
vt 0.976366 0.163226
vt 0.985005 0.003900
vt 0.985005 0.163275
vt 0.972460 0.003905
vt 0.972460 0.163240
vt 0.971164 0.163226
vt 0.971164 0.003890
vt 0.986213 0.003890
vt 0.986213 0.163265
vt 0.994666 0.003890
vt 0.994666 0.163212
vt 0.973765 0.003891
vt 0.973765 0.163226
vt 0.973765 0.163226
vt 0.973765 0.003891
vt 0.995874 0.003907
vt 0.995874 0.163229
vt 0.978681 0.344372
vt 0.977362 0.344313
vt 0.976430 0.343294
vt 0.976430 0.341913
vt 0.977362 0.340979
vt 0.978681 0.341038
vt 0.979614 0.342057
vt 0.979614 0.343438
vt 0.977413 0.344514
vt 0.978733 0.344582
vt 0.979667 0.345614
vt 0.979667 0.347006
vt 0.978733 0.347942
vt 0.977413 0.347874
vt 0.976479 0.346842
vt 0.976479 0.345450
vt 0.977672 0.163240
vt 0.977672 0.003905
vt 0.978967 0.003890
vt 0.978967 0.163226
vt 0.986213 0.163265
vt 0.986213 0.003890
vt 0.987420 0.003900
vt 0.987420 0.163275
vt 0.967258 0.003905
vt 0.967258 0.163240
vt 0.965963 0.003890
vt 0.997082 0.003890
vt 0.997082 0.163212
vt 0.995874 0.003907
vt 0.968563 0.003891
vt 0.968563 0.163226
vt 0.976366 0.163227
vt 0.976366 0.003891
vt 0.998289 0.003907
vt 0.998289 0.163229
vt 0.978817 0.337176
vt 0.977498 0.337116
vt 0.976565 0.336098
vt 0.976565 0.334717
vt 0.977498 0.333783
vt 0.978817 0.333842
vt 0.979749 0.334861
vt 0.979749 0.336242
vt 0.977607 0.337369
vt 0.978928 0.337437
vt 0.979861 0.338469
vt 0.979861 0.339861
vt 0.978928 0.340797
vt 0.977607 0.340729
vt 0.976674 0.339697
vt 0.976674 0.338305
s 1
usemtl texture_2
f 253/504/111 256/505/111 255/506/111
f 256/505/111 257/507/111 255/506/111
f 257/507/111 258/508/111 255/506/111
f 258/508/111 254/509/111 255/506/111
f 259/510/111 262/511/111 261/512/111
f 262/511/111 263/513/111 261/512/111
f 263/513/111 264/514/111 261/512/111
f 264/514/111 260/515/111 261/512/111
f 265/516/112 268/517/112 267/518/112
f 268/517/112 269/519/113 267/518/112
f 269/519/113 270/520/112 267/518/112
f 270/520/112 266/521/112 267/518/112
f 271/522/112 274/523/112 273/524/112
f 274/523/112 275/525/113 273/524/112
f 275/525/113 276/526/112 273/524/112
f 276/526/112 272/527/112 273/524/112
f 259/528/114 266/529/114 270/530/115 262/531/115
f 262/531/115 270/530/115 269/532/116 263/533/116
f 263/534/116 269/535/116 268/536/117 264/537/117
f 264/537/117 268/536/117 265/538/118 260/539/118
f 271/540/119 254/541/119 258/542/120 274/543/120
f 274/543/120 258/542/120 257/544/121 275/545/121
f 275/546/121 257/547/121 256/548/122 276/549/122
f 276/549/122 256/548/122 253/550/123 272/551/123
f 260/539/118 265/538/118 272/551/123 253/550/123
f 254/541/119 271/540/119 250/552/124 251/553/124
f 252/554/125 248/555/125 266/529/114 259/528/114
f 277/556/126 283/557/126 286/558/127 279/559/127
f 279/559/127 286/558/127 285/560/128 280/561/128
f 280/562/128 285/563/128 284/564/129 281/565/129
f 281/565/129 284/564/129 282/566/130 278/567/130
f 252/554/125 277/568/131 279/569/131 280/570/131 281/571/131 278/572/131 247/573/132 248/555/125
f 249/574/133 247/575/133 278/567/130 282/566/130
f 283/557/126 277/556/126 252/576/134 251/577/134
f 251/553/124 250/552/124 249/578/135 282/579/136 284/580/136 285/570/136 286/581/136 283/582/136
f 287/583/111 289/584/111 261/512/111
f 289/584/111 290/585/111 261/512/111
f 290/585/111 288/586/111 261/512/111
f 291/587/112 293/588/112 267/518/112
f 293/588/112 294/589/113 267/518/112
f 294/589/113 292/590/112 267/518/112
f 295/591/111 297/592/111 255/506/111
f 297/592/111 298/593/111 255/506/111
f 298/593/111 296/594/111 255/506/111
f 299/595/112 301/596/112 273/524/112
f 301/596/112 302/597/112 273/524/112
f 302/597/112 300/598/112 273/524/112
f 303/599/111 306/600/111 305/601/111
f 306/600/111 307/602/111 305/601/111
f 307/602/111 304/603/111 305/601/111
f 308/604/112 310/605/112 248/606/112
f 310/605/112 311/607/112 248/606/112
f 311/607/112 309/608/112 248/606/112
f 312/609/111 315/610/111 314/611/111
f 315/610/111 316/612/111 314/611/111
f 316/612/111 313/613/111 314/611/111
f 317/614/112 319/615/112 250/616/112
f 319/615/112 320/617/112 250/616/112
f 320/617/112 318/618/112 250/616/112
f 312/619/137 318/620/137 320/621/138 315/622/138
f 315/623/138 320/624/138 319/625/139 316/626/139
f 316/626/139 319/625/139 317/627/140 313/628/140
f 295/629/141 300/630/141 302/631/142 297/632/142
f 297/632/142 302/631/142 301/633/143 298/634/143
f 298/635/143 301/636/143 299/637/144 296/638/144
f 303/639/145 309/640/145 311/641/146 306/642/146
f 306/642/146 311/641/146 310/643/147 307/644/147
f 307/645/147 310/646/147 308/638/148 304/647/148
f 287/620/149 292/648/149 294/649/150 289/650/150
f 289/651/150 294/652/150 293/653/151 290/654/151
f 290/654/151 293/653/151 291/655/152 288/656/152
f 255/506/111 296/594/111 287/583/111 261/512/111 260/515/111 253/504/111
f 296/657/144 299/658/144 292/659/149 287/660/149
f 261/512/111 288/586/111 303/599/111 305/601/111 252/661/134 259/510/111
f 288/656/152 291/655/152 309/640/145 303/639/145
f 267/518/112 292/590/112 299/595/112 273/524/112 272/527/112 265/516/112
f 248/606/112 309/608/112 291/587/112 267/518/112 266/521/112
f 313/628/140 317/627/140 300/630/141 295/629/141
f 314/611/111 313/613/111 295/591/111 255/506/111 254/509/111 251/662/134
f 273/524/112 300/598/112 317/614/112 250/616/112 271/522/112
f 304/663/148 308/657/148 318/660/137 312/664/137
f 305/601/111 304/603/111 312/609/111 314/611/111 251/662/134 252/661/134
f 250/616/112 318/618/112 308/604/112 248/606/112
f 333/665/153 330/666/153 332/667/154 335/668/154
f 335/669/154 332/670/154 331/671/155 336/672/155
f 336/672/155 331/671/155 329/673/156 334/674/156
f 325/675/157 322/676/157 324/677/158 327/678/158
f 327/678/158 324/677/158 323/679/159 328/680/159
f 328/681/159 323/682/159 321/683/160 326/684/160
f 249/574/133 329/685/161 331/686/161 332/687/161 330/688/161 321/689/161 323/690/161 324/691/161 322/692/161 247/575/133
f 330/666/153 333/665/153 326/684/160 321/683/160
f 322/676/157 325/675/157 248/555/125 247/573/132
f 333/693/162 335/694/162 336/695/162 334/696/162 250/697/162 248/698/162 325/699/162 327/700/162 328/701/162 326/702/162
f 249/578/135 250/552/124 334/674/156 329/673/156
f 337/703/163 338/704/163 340/705/163 339/706/163
f 339/707/164 340/708/164 344/709/164 343/710/164
f 343/711/165 344/712/165 342/713/165 341/714/165
f 341/715/166 342/716/166 338/717/166 337/718/166
f 339/719/161 343/720/161 341/721/161 337/722/161
f 344/723/162 340/724/162 338/725/162 342/726/162
f 345/727/163 346/728/163 348/729/163 347/730/163
f 347/731/164 348/732/164 352/733/164 351/734/164
f 351/735/165 352/736/165 350/737/165 349/738/165
f 349/739/166 350/740/166 346/741/166 345/742/166
f 347/743/161 351/719/161 349/722/161 345/744/161
f 352/745/162 348/746/162 346/747/162 350/748/162
f 353/749/163 354/750/163 356/751/163 355/752/163
f 355/753/164 356/754/164 360/755/164 359/756/164
f 359/757/165 360/758/165 358/759/165 357/760/165
f 357/761/166 358/762/166 354/763/166 353/764/166
f 355/765/161 359/766/161 357/767/161 353/768/161
f 360/769/162 356/770/162 354/771/162 358/772/162
f 361/773/163 362/774/163 364/712/163 363/775/163
f 363/776/164 364/777/164 368/778/164 367/779/164
f 367/780/165 368/781/165 366/782/165 365/783/165
f 365/784/166 366/785/166 362/786/166 361/787/166
f 363/788/161 367/789/161 365/790/161 361/791/161
f 368/792/162 364/793/162 362/794/162 366/795/162
f 369/796/167 373/797/167 374/798/168 371/799/168
f 371/800/168 374/801/168 372/802/111 370/803/111
f 377/804/169 375/805/169 376/806/170 378/807/170
f 378/808/170 376/809/170 370/803/111 372/802/111
f 381/810/112 379/811/112 383/812/171 384/813/171
f 384/814/171 383/815/171 375/805/169 377/804/169
f 373/797/167 369/796/167 380/816/172 382/817/172
f 382/818/172 380/819/172 379/811/112 381/810/112
f 370/820/173 376/821/173 375/822/173 383/823/173 379/824/173 380/825/173 369/826/173 371/827/173
f 381/828/174 384/829/174 377/830/174 378/831/174 372/832/174 374/833/174 373/834/174 382/835/174
f 385/836/167 389/837/167 390/838/168 387/839/168
f 387/840/168 390/841/168 388/842/111 386/843/111
f 393/844/169 391/845/169 392/846/170 394/847/170
f 394/848/170 392/849/170 386/843/111 388/842/111
f 397/850/112 395/851/112 399/852/171 400/853/171
f 400/854/171 399/855/171 391/845/169 393/844/169
f 389/837/167 385/836/167 396/856/172 398/814/172
f 398/857/172 396/858/172 395/851/112 397/850/112
f 386/859/173 392/860/173 391/861/173 399/862/173 395/863/173 396/864/173 385/865/173 387/866/173
f 397/867/174 400/868/174 393/869/174 394/870/174 388/871/174 390/872/174 389/873/174 398/874/174
f 401/875/167 405/876/167 406/847/168 403/846/168
f 403/849/168 406/848/168 404/877/111 402/878/111
f 409/879/169 407/880/169 408/881/170 410/882/170
f 410/883/170 408/884/170 402/878/111 404/877/111
f 413/885/112 411/886/112 415/887/171 416/888/171
f 416/889/171 415/890/171 407/880/169 409/879/169
f 405/891/167 401/892/167 412/893/172 414/894/172
f 414/895/172 412/896/172 411/886/112 413/885/112
f 402/897/173 408/898/173 407/899/173 415/900/173 411/901/173 412/902/173 401/903/173 403/904/173
f 413/905/175 416/906/175 409/907/175 410/908/175 404/909/175 406/910/175 405/911/175 414/912/175
f 417/913/167 421/914/167 422/915/168 419/916/168
f 419/884/168 422/883/168 420/917/111 418/918/111
f 425/919/169 423/920/169 424/921/170 426/922/170
f 426/923/170 424/924/170 418/918/111 420/917/111
f 429/925/112 427/926/112 431/858/171 432/857/171
f 432/927/171 431/928/171 423/920/169 425/919/169
f 421/914/167 417/913/167 428/929/172 430/930/172
f 430/931/172 428/932/172 427/926/112 429/925/112
f 418/933/173 424/934/173 423/935/173 431/936/173 427/937/173 428/938/173 417/939/173 419/940/173
f 429/941/175 432/942/175 425/943/175 426/944/175 420/945/175 422/946/175 421/947/175 430/948/175
f 433/949/167 437/950/167 438/951/168 435/952/168
f 435/953/168 438/954/168 436/955/111 434/956/111
f 441/957/169 439/958/169 440/799/170 442/959/170
f 442/801/170 440/800/170 434/956/111 436/955/111
f 445/960/112 443/961/112 447/932/171 448/962/171
f 448/963/171 447/964/171 439/958/169 441/957/169
f 437/950/167 433/949/167 444/965/172 446/966/172
f 446/967/172 444/968/172 443/961/112 445/960/112
f 434/969/173 440/970/173 439/971/173 447/972/173 443/973/173 444/974/173 433/975/173 435/976/173
f 445/977/175 448/978/175 441/979/175 442/980/175 436/981/175 438/982/175 437/983/175 446/984/175
o camera
v -0.008543 2.241328 -2.496965
v -0.008543 2.268317 -2.496965
v 0.008543 2.241328 -2.496965
v 0.008543 2.268317 -2.496965
v 0.008543 2.241328 -2.331231
v -0.008543 2.241328 -2.331231
v -0.008543 2.268317 -2.331231
v 0.008543 2.268317 -2.331231
v 0.009025 2.285682 -2.313904
v -0.009025 2.285682 -2.313904
v -0.009025 2.291477 -2.329825
v 0.009025 2.291477 -2.329825
v 0.003575 2.299845 -2.312642
v -0.003575 2.299845 -2.312642
v -0.003575 2.303138 -2.321687
v 0.003575 2.303138 -2.321687
v 0.009025 2.298594 -2.309205
v -0.009025 2.298594 -2.309205
v -0.009025 2.304389 -2.325125
v 0.009025 2.304389 -2.325125
v 0.003575 2.315910 -2.306795
v -0.003575 2.315910 -2.306795
v -0.003575 2.319202 -2.315840
v 0.003575 2.319202 -2.315840
v 0.007853 2.298863 -2.309944
v -0.007853 2.298863 -2.309944
v -0.007853 2.304120 -2.324386
v 0.007853 2.304120 -2.324386
v -0.009025 2.310236 -2.320603
v -0.009025 2.306896 -2.324212
v -0.009025 2.310218 -2.321526
v -0.009025 2.309577 -2.322536
v -0.009025 2.308410 -2.323479
v -0.009025 2.301102 -2.308292
v -0.009025 2.305980 -2.308910
v -0.009025 2.302733 -2.307880
v -0.009025 2.304233 -2.307853
v -0.009025 2.305373 -2.308215
v 0.009025 2.305980 -2.308910
v 0.009025 2.301102 -2.308292
v 0.009025 2.305373 -2.308215
v 0.009025 2.304233 -2.307853
v 0.009025 2.302733 -2.307880
v 0.009025 2.306896 -2.324212
v 0.009025 2.310236 -2.320603
v 0.009025 2.308410 -2.323479
v 0.009025 2.309577 -2.322536
v 0.009025 2.310218 -2.321526
v -0.007853 2.306249 -2.309649
v -0.007853 2.301371 -2.309031
v -0.007853 2.305642 -2.308954
v -0.007853 2.304502 -2.308593
v -0.007853 2.303002 -2.308620
v -0.007853 2.306627 -2.323473
v -0.007853 2.309967 -2.319864
v -0.007853 2.308141 -2.322740
v -0.007853 2.309307 -2.321797
v -0.007853 2.309949 -2.320787
v 0.007853 2.301371 -2.309031
v 0.007853 2.306249 -2.309649
v 0.007853 2.303002 -2.308620
v 0.007853 2.304502 -2.308593
v 0.007853 2.305642 -2.308954
v 0.007853 2.309967 -2.319864
v 0.007853 2.306627 -2.323473
v 0.007853 2.309949 -2.320787
v 0.007853 2.309307 -2.321797
v 0.007853 2.308141 -2.322740
v 0.004586 2.268317 -2.319015
v 0.001818 2.268317 -2.317747
v 0.005550 2.268317 -2.316559
v 0.004375 2.268317 -2.318530
v 0.003775 2.268317 -2.318119
v 0.002877 2.268317 -2.317844
v -0.001818 2.268317 -2.317747
v -0.004586 2.268317 -2.319015
v -0.005550 2.268317 -2.316559
v -0.002877 2.268317 -2.317844
v -0.003775 2.268317 -2.318119
v -0.004375 2.268317 -2.318530
v -0.004586 2.268317 -2.325089
v -0.001818 2.268317 -2.326356
v -0.005550 2.268317 -2.327544
v -0.004375 2.268317 -2.325573
v -0.003775 2.268317 -2.325985
v -0.002877 2.268317 -2.326260
v 0.001818 2.268317 -2.326356
v 0.004586 2.268317 -2.325089
v 0.005550 2.268317 -2.327544
v 0.002877 2.268317 -2.326260
v 0.003775 2.268317 -2.325985
v 0.004375 2.268317 -2.325573
v 0.001818 2.287107 -2.317820
v 0.004586 2.287541 -2.319011
v 0.005800 2.286718 -2.316749
v 0.002877 2.287140 -2.317910
v 0.003775 2.287234 -2.318168
v 0.004375 2.287375 -2.318555
v -0.004586 2.287541 -2.319011
v -0.001818 2.287107 -2.317820
v -0.005800 2.286718 -2.316749
v -0.004375 2.287375 -2.318555
v -0.003775 2.287234 -2.318168
v -0.002877 2.287140 -2.317910
v -0.001818 2.290052 -2.325909
v -0.004586 2.289618 -2.324718
v -0.005800 2.290442 -2.326980
v -0.002877 2.290019 -2.325819
v -0.003775 2.289925 -2.325560
v -0.004375 2.289784 -2.325174
v 0.004586 2.289618 -2.324718
v 0.001818 2.290052 -2.325909
v 0.005800 2.290442 -2.326980
v 0.004375 2.289784 -2.325174
v 0.003775 2.289925 -2.325560
v 0.002877 2.290019 -2.325819
v 0.008543 2.241328 -2.314774
v 0.004390 2.241328 -2.312872
v 0.008226 2.241328 -2.314046
v 0.007326 2.241328 -2.313429
v 0.005979 2.241328 -2.313017
v -0.004390 2.241328 -2.312872
v -0.008543 2.241328 -2.314774
v -0.005979 2.241328 -2.313017
v -0.007326 2.241328 -2.313429
v -0.008226 2.241328 -2.314046
v 0.004390 2.268317 -2.312872
v 0.008543 2.268317 -2.314774
v 0.007096 2.268317 -2.314655
v 0.005979 2.268317 -2.313017
v 0.007326 2.268317 -2.313429
v 0.008226 2.268317 -2.314046
v -0.008543 2.268317 -2.314774
v -0.004390 2.268317 -2.312872
v -0.007096 2.268317 -2.314655
v -0.008226 2.268317 -2.314046
v -0.007326 2.268317 -2.313429
v -0.005979 2.268317 -2.313017
v -0.006921 2.232957 -2.500000
v -0.013841 2.243890 -2.500000
v -0.009569 2.233789 -2.500000
v -0.011814 2.236159 -2.500000
v -0.013314 2.239706 -2.500000
v -0.013841 2.265755 -2.500000
v -0.006921 2.276687 -2.500000
v -0.013314 2.269938 -2.500000
v -0.011814 2.273485 -2.500000
v -0.009569 2.275855 -2.500000
v 0.013841 2.243890 -2.500000
v 0.006921 2.232957 -2.500000
v 0.013314 2.239706 -2.500000
v 0.011814 2.236159 -2.500000
v 0.009569 2.233789 -2.500000
v 0.006921 2.276687 -2.500000
v 0.013841 2.265755 -2.500000
v 0.009569 2.275855 -2.500000
v 0.011814 2.273485 -2.500000
v 0.013314 2.269938 -2.500000
v 0.013841 2.265755 -2.496965
v 0.006921 2.276687 -2.496965
v 0.008948 2.268957 -2.496965
v 0.013314 2.269938 -2.496965
v 0.011814 2.273485 -2.496965
v 0.009569 2.275855 -2.496965
v 0.006921 2.232957 -2.496965
v 0.013841 2.243890 -2.496965
v 0.008948 2.240688 -2.496965
v 0.009569 2.233789 -2.496965
v 0.011814 2.236159 -2.496965
v 0.013314 2.239706 -2.496965
v -0.013841 2.243890 -2.496965
v -0.006921 2.232957 -2.496965
v -0.008948 2.240688 -2.496965
v -0.013314 2.239706 -2.496965
v -0.011814 2.236159 -2.496965
v -0.009569 2.233789 -2.496965
v -0.006921 2.276687 -2.496965
v -0.013841 2.265755 -2.496965
v -0.008948 2.268957 -2.496965
v -0.009569 2.275855 -2.496965
v -0.011814 2.273485 -2.496965
v -0.013314 2.269938 -2.496965
v -0.023277 2.341195 -2.180974
v 0.009582 2.323484 -2.197525
v -0.034546 2.334358 -2.183462
v -0.028387 2.340579 -2.181198
v -0.031470 2.339329 -2.181653
v 0.008853 2.326930 -2.196271
v -0.033530 2.337458 -2.182334
v 0.006776 2.329851 -2.195208
v -0.049500 2.414862 -2.388280
v -0.024750 2.434243 -2.381226
v 0.003667 2.331803 -2.194497
v -0.047616 2.422279 -2.385581
v -0.042251 2.428566 -2.383292
v -0.000000 2.332488 -2.194248
v -0.034221 2.432768 -2.381763
v 0.034546 2.334358 -2.183462
v 0.023277 2.341195 -2.180974
v -0.003667 2.331803 -2.194497
v 0.033530 2.337458 -2.182334
v -0.006776 2.329851 -2.195208
v 0.031470 2.339329 -2.181653
v 0.028387 2.340579 -2.181198
v -0.008853 2.326930 -2.196271
v 0.024750 2.434243 -2.381226
v 0.049500 2.414862 -2.388280
v 0.034221 2.432768 -2.381763
v -0.009582 2.323484 -2.197525
v 0.042251 2.428566 -2.383292
v -0.008853 2.320038 -2.198779
v 0.047616 2.422279 -2.385581
v -0.034546 2.306114 -2.193742
v -0.023277 2.299277 -2.196230
v -0.006776 2.317117 -2.199843
v -0.033530 2.303014 -2.194870
v -0.003667 2.315165 -2.200553
v -0.031470 2.301144 -2.195551
v -0.028387 2.299894 -2.196006
v -0.000000 2.314480 -2.200803
v -0.015516 2.336593 -2.354148
v -0.049500 2.386436 -2.398626
v 0.003667 2.315165 -2.200553
v -0.034221 2.358194 -2.408906
v -0.042251 2.362395 -2.407377
v 0.006776 2.317117 -2.199843
v -0.047616 2.368683 -2.405088
v 0.023277 2.299277 -2.196230
v 0.034546 2.306114 -2.193742
v 0.008853 2.320038 -2.198779
v 0.028387 2.299894 -2.196006
v 0.031470 2.301144 -2.195551
v 0.033530 2.303014 -2.194870
v 0.049500 2.386436 -2.398626
v 0.015516 2.336593 -2.354148
v 0.047616 2.368683 -2.405088
v 0.042251 2.362395 -2.407377
v 0.034221 2.358194 -2.408906
v -0.034221 2.357523 -2.175031
v -0.024750 2.358999 -2.174494
v -0.042251 2.353322 -2.176560
v -0.047616 2.347034 -2.178848
v -0.049500 2.339617 -2.181548
v 0.024750 2.358999 -2.174494
v 0.034221 2.357523 -2.175031
v 0.042251 2.353322 -2.176560
v 0.047616 2.347034 -2.178848
v 0.049500 2.339617 -2.181548
v -0.015516 2.301600 -2.258005
v -0.034221 2.282949 -2.202173
v -0.042251 2.287150 -2.200644
v -0.047616 2.293438 -2.198356
v -0.049500 2.311192 -2.191894
v 0.034221 2.282949 -2.202173
v 0.015516 2.301600 -2.258005
v 0.042251 2.287150 -2.200644
v 0.047616 2.293438 -2.198356
v 0.049500 2.309586 -2.187483
v -0.036116 2.361104 -2.173727
v -0.025235 2.362856 -2.173090
v -0.025235 2.438101 -2.379822
v -0.036116 2.436349 -2.380460
v -0.045751 2.356063 -2.175562
v -0.045751 2.431307 -2.382295
v -0.052189 2.348518 -2.178308
v -0.052189 2.423762 -2.385041
v -0.054426 2.339997 -2.181410
v -0.054426 2.415242 -2.388142
v 0.036116 2.436349 -2.380460
v 0.025235 2.438101 -2.379822
v 0.025235 2.362856 -2.173090
v 0.036116 2.361104 -2.173727
v 0.045751 2.431307 -2.382295
v 0.045751 2.356063 -2.175562
v 0.052189 2.423762 -2.385041
v 0.052189 2.348518 -2.178308
v 0.054426 2.415242 -2.388142
v 0.054426 2.339997 -2.181410
v -0.054450 2.311192 -2.191894
v -0.054450 2.386436 -2.398626
v 0.054450 2.386436 -2.398626
v 0.054450 2.309586 -2.187483
v -0.034221 2.346512 -2.144778
v -0.024750 2.347987 -2.144241
v -0.042251 2.342311 -2.146307
v -0.047616 2.334969 -2.152294
v -0.049500 2.328923 -2.157367
v 0.024750 2.347987 -2.144241
v 0.034221 2.346512 -2.144778
v 0.042251 2.342311 -2.146307
v 0.047616 2.334969 -2.152294
v 0.049500 2.328923 -2.157367
v -0.049500 2.305750 -2.176811
v 0.049500 2.305750 -2.176811
v -0.036116 2.350093 -2.143475
v -0.025235 2.351845 -2.142837
v -0.045751 2.345052 -2.145309
v -0.052189 2.336178 -2.151279
v -0.054426 2.329232 -2.157107
v 0.025235 2.351845 -2.142837
v 0.036116 2.350093 -2.143475
v 0.045751 2.345052 -2.145309
v 0.052189 2.336178 -2.151279
v 0.054426 2.329232 -2.157107
v -0.054450 2.305750 -2.176811
v 0.054450 2.305750 -2.176811
v 0.049500 2.418624 -2.398617
v 0.054426 2.419004 -2.398479
v -0.024750 2.438005 -2.391563
v -0.034221 2.436530 -2.392100
v 0.036116 2.440111 -2.390796
v 0.034221 2.436530 -2.392100
v -0.042251 2.432329 -2.393629
v 0.052189 2.427524 -2.395378
v 0.047616 2.426041 -2.395917
v -0.047616 2.426041 -2.395917
v 0.042251 2.432329 -2.393629
v 0.045751 2.435070 -2.392631
v -0.049500 2.418624 -2.398617
v -0.036116 2.440111 -2.390796
v 0.024750 2.438005 -2.391563
v -0.045751 2.435070 -2.392631
v -0.054426 2.419004 -2.398479
v -0.049500 2.386857 -2.399783
v -0.054450 2.386857 -2.399783
v 0.025235 2.441863 -2.390159
v -0.025235 2.441863 -2.390159
v 0.049500 2.386857 -2.399783
v -0.052189 2.427524 -2.395378
v 0.054450 2.386857 -2.399783
v -0.028387 2.342460 -2.186366
v -0.023277 2.343076 -2.186142
v -0.031470 2.341210 -2.186821
v -0.033530 2.339339 -2.187502
v -0.034546 2.336240 -2.188630
v 0.023277 2.343076 -2.186142
v 0.028387 2.342460 -2.186366
v 0.031470 2.341210 -2.186821
v 0.033530 2.339339 -2.187502
v 0.034546 2.336240 -2.188630
v -0.023277 2.301158 -2.201399
v -0.028387 2.301775 -2.201174
v -0.031470 2.303025 -2.200720
v -0.033530 2.304895 -2.200039
v -0.034546 2.307995 -2.198910
v 0.028387 2.301775 -2.201174
v 0.023277 2.301158 -2.201399
v 0.031470 2.303025 -2.200720
v 0.033530 2.304895 -2.200039
v 0.034546 2.307995 -2.198910
v -0.003667 2.313798 -2.196798
v -0.000000 2.313113 -2.197048
v 0.006776 2.315750 -2.196088
v 0.009582 2.322117 -2.193770
v 0.008853 2.318671 -2.195024
v 0.003667 2.313798 -2.196798
v -0.009582 2.322117 -2.193770
v -0.008853 2.325563 -2.192516
v -0.006776 2.328484 -2.191453
v -0.003667 2.330436 -2.190742
v 0.003667 2.330436 -2.190742
v -0.000000 2.331122 -2.190493
v -0.008853 2.318671 -2.195024
v -0.006776 2.315750 -2.196088
v 0.006776 2.328484 -2.191453
v 0.008853 2.325563 -2.192516
v -0.033530 2.303955 -2.197454
v -0.031470 2.302084 -2.198135
v 0.028387 2.341519 -2.183782
v 0.023277 2.342136 -2.183558
v 0.034546 2.307055 -2.196326
v 0.034546 2.335299 -2.186046
v -0.034546 2.307055 -2.196326
v 0.031470 2.340269 -2.184237
v -0.034546 2.335299 -2.186046
v 0.033530 2.338399 -2.184918
v 0.023277 2.300218 -2.198815
v 0.028387 2.300834 -2.198590
v -0.023277 2.342136 -2.183558
v -0.028387 2.341519 -2.183782
v 0.031470 2.302084 -2.198135
v -0.031470 2.340269 -2.184237
v 0.033530 2.303955 -2.197454
v -0.028387 2.300834 -2.198590
v -0.023277 2.300218 -2.198815
v -0.033530 2.338399 -2.184918
v 0.008853 2.326247 -2.194394
v 0.009582 2.322801 -2.195648
v 0.006776 2.329168 -2.193330
v 0.003667 2.331120 -2.192620
v -0.000000 2.331805 -2.192370
v -0.003667 2.331120 -2.192620
v -0.006776 2.329168 -2.193330
v -0.008853 2.326247 -2.194394
v -0.009582 2.322801 -2.195648
v -0.008853 2.319355 -2.196902
v -0.006776 2.316434 -2.197965
v -0.003667 2.314482 -2.198676
v -0.000000 2.313796 -2.198925
v 0.003667 2.314482 -2.198676
v 0.006776 2.316434 -2.197965
v 0.008853 2.319355 -2.196902
v -0.024750 2.356718 -2.409443
v -0.024750 2.281474 -2.202710
v 0.024750 2.356718 -2.409443
v 0.024750 2.281474 -2.202710
v -0.015516 2.333173 -2.355393
v -0.015516 2.298180 -2.259249
v 0.015516 2.333173 -2.355393
v 0.015516 2.298180 -2.259249
vn -0.0000 -1.0000 -0.0000
vn -1.0000 -0.0000 -0.0000
vn 1.0000 -0.0000 -0.0000
vn -0.0000 1.0000 -0.0000
vn -0.0000 -0.3420 0.9397
vn -0.0000 0.3420 -0.9397
vn -0.0000 0.9397 0.3420
vn 0.0772 0.8913 0.4468
vn 0.1642 0.8143 0.5567
vn 0.4025 0.4448 0.8001
vn 0.3334 0.5831 0.7408
vn 0.5139 0.1018 0.8518
vn 0.5026 0.1499 0.8514
vn 0.5489 -0.1173 0.8276
vn 0.5474 -0.1029 0.8305
vn 0.5568 -0.2447 0.7938
vn 0.5568 -0.2432 0.7943
vn 0.5568 0.3242 -0.7648
vn 0.5568 0.3228 -0.7653
vn 0.5489 0.4421 -0.7094
vn 0.5474 0.4550 -0.7023
vn 0.5139 0.6255 -0.5871
vn 0.5026 0.6621 -0.5559
vn 0.4025 0.8550 -0.3270
vn 0.3334 0.9229 -0.1927
vn 0.1642 0.9816 0.0969
vn 0.0772 0.9700 0.2306
vn -0.1642 0.8143 0.5567
vn -0.0772 0.8913 0.4468
vn -0.3334 0.5831 0.7408
vn -0.4025 0.4448 0.8001
vn -0.5026 0.1499 0.8514
vn -0.5139 0.1018 0.8518
vn -0.5474 -0.1029 0.8305
vn -0.5489 -0.1173 0.8276
vn -0.5568 -0.2432 0.7943
vn -0.5568 -0.2447 0.7938
vn -0.5568 0.3228 -0.7653
vn -0.5568 0.3242 -0.7648
vn -0.5474 0.4550 -0.7023
vn -0.5489 0.4421 -0.7094
vn -0.5026 0.6621 -0.5559
vn -0.5139 0.6255 -0.5871
vn -0.3334 0.9229 -0.1927
vn -0.4025 0.8550 -0.3270
vn -0.0772 0.9700 0.2306
vn -0.1642 0.9816 0.0969
vn 0.5573 0.2840 -0.7802
vn 0.5573 -0.2840 0.7802
vn -0.5573 -0.2840 0.7802
vn -0.5573 0.2840 -0.7802
vn -0.0000 -0.9397 -0.3420
vn 0.0442 0.0205 -0.9988
vn 0.0438 0.0205 -0.9988
vn 0.1838 0.0199 -0.9828
vn 0.1875 0.0199 -0.9821
vn 0.4123 0.0179 -0.9109
vn 0.4241 0.0177 -0.9054
vn 0.7332 0.0128 -0.6799
vn 0.7624 0.0121 -0.6470
vn 0.9681 0.0045 -0.2507
vn 0.9776 0.0038 -0.2106
vn 0.0445 0.0038 0.9990
vn 0.0440 0.0038 0.9990
vn 0.1871 0.0033 0.9823
vn 0.1912 0.0033 0.9816
vn 0.4235 0.0023 0.9059
vn 0.4360 0.0023 0.8999
vn 0.7630 0.0010 0.6464
vn 0.7918 0.0009 0.6108
vn 0.9779 0.0001 0.2090
vn 0.9863 0.0001 0.1648
vn -0.9863 0.0001 0.1648
vn -0.9779 0.0001 0.2090
vn -0.7630 0.0010 0.6464
vn -0.7918 0.0009 0.6108
vn -0.4235 0.0023 0.9059
vn -0.4360 0.0023 0.8999
vn -0.1871 0.0033 0.9823
vn -0.1912 0.0033 0.9816
vn -0.0440 0.0038 0.9990
vn -0.0445 0.0038 0.9990
vn -0.9776 0.0038 -0.2106
vn -0.9681 0.0045 -0.2507
vn -0.7332 0.0128 -0.6799
vn -0.7624 0.0121 -0.6470
vn -0.4123 0.0179 -0.9109
vn -0.4241 0.0177 -0.9054
vn -0.1838 0.0199 -0.9828
vn -0.1875 0.0199 -0.9821
vn -0.0438 0.0205 -0.9988
vn -0.0442 0.0205 -0.9988
vn 0.0454 -0.0000 0.9990
vn 0.1927 -0.0000 0.9813
vn 0.4340 -0.0000 0.9009
vn 0.7713 -0.0000 0.6364
vn 0.9791 -0.0000 0.2034
vn -0.9791 -0.0000 0.2034
vn -0.7713 -0.0000 0.6364
vn -0.4340 -0.0000 0.9009
vn -0.1927 -0.0000 0.9813
vn -0.0454 -0.0000 0.9990
vn -0.0000 -0.0000 1.0000
vn 0.1516 -0.9884 -0.0000
vn 0.5299 -0.8481 -0.0000
vn 0.8369 -0.5474 -0.0000
vn 0.9657 -0.2597 -0.0000
vn 0.9980 -0.0626 -0.0000
vn 0.1516 0.9884 -0.0000
vn 0.5299 0.8481 -0.0000
vn 0.8369 0.5474 -0.0000
vn 0.9657 0.2597 -0.0000
vn 0.9980 0.0626 -0.0000
vn -0.1516 -0.9884 -0.0000
vn -0.5299 -0.8481 -0.0000
vn -0.8369 -0.5474 -0.0000
vn -0.9657 -0.2597 -0.0000
vn -0.9980 -0.0626 -0.0000
vn -0.1516 0.9884 -0.0000
vn -0.5299 0.8481 -0.0000
vn -0.8369 0.5474 -0.0000
vn -0.9657 0.2597 -0.0000
vn -0.9980 0.0626 -0.0000
vn -0.0000 -0.0000 -1.0000
vn 0.9923 -0.1134 -0.0509
vn 0.9104 -0.3817 -0.1595
vn 0.9017 -0.3992 -0.1661
vn 0.9901 -0.1280 -0.0574
vn 0.9017 0.4026 0.1574
vn 0.6582 0.7055 0.2627
vn 0.6587 0.7035 0.2671
vn 0.8997 0.4027 0.1683
vn -0.9104 -0.3817 -0.1595
vn -0.9914 -0.1192 -0.0535
vn -0.9901 -0.1280 -0.0574
vn -0.9017 -0.3992 -0.1661
vn -0.3324 0.8863 0.3226
vn -0.6582 0.7055 0.2627
vn -0.6587 0.7035 0.2671
vn -0.0820 -0.9365 -0.3409
vn -0.3299 -0.8871 -0.3229
vn 0.8982 -0.4130 -0.1503
vn 0.9931 -0.1098 -0.0400
vn 0.9915 -0.1220 -0.0444
vn -0.6454 -0.7178 -0.2613
vn 0.0820 -0.9365 -0.3409
vn 0.3299 -0.8871 -0.3229
vn 0.0847 0.9363 0.3408
vn 0.3324 0.8863 0.3226
vn -0.9258 -0.3552 -0.1293
vn -0.9951 -0.0932 -0.0339
vn 0.6454 0.7178 0.2613
vn 0.8966 0.4162 0.1515
vn 0.6454 -0.7178 -0.2613
vn 0.9258 -0.3552 -0.1293
vn 0.9336 -0.3366 -0.1225
vn 0.9951 -0.0932 -0.0339
vn -0.6454 0.7178 0.2613
vn 0.8522 0.4917 0.1790
vn 0.5545 0.7820 0.2846
vn -0.1025 -0.2995 0.9486
vn -0.0764 -0.3107 0.9474
vn -0.0976 -0.4277 0.8986
vn -0.0770 -0.4101 0.9088
vn -0.1858 -0.4174 0.8895
vn -0.1848 -0.3533 0.9171
vn -0.0847 0.9363 0.3408
vn -0.8966 0.4162 0.1515
vn -0.9017 0.4026 0.1574
vn -0.9926 0.1137 0.0414
vn -0.9922 0.1155 0.0471
vn 0.9922 0.1155 0.0471
vn 0.9926 0.1137 0.0414
vn -1.0000 0.0007 0.0003
vn 1.0000 0.0007 0.0003
vn -0.9931 -0.1098 -0.0400
vn -0.8982 -0.4130 -0.1503
vn -0.9915 -0.1220 -0.0444
vn -0.0000 -0.9402 -0.3407
vn -0.0000 -0.9404 -0.3402
vn -0.9910 0.1260 0.0459
vn 0.9894 0.1323 0.0595
vn 0.6746 -0.6900 -0.2625
vn 0.6566 -0.7054 -0.2669
vn -0.0000 -0.6428 0.7660
vn -0.0349 -0.6013 0.7983
vn -0.0322 -0.4479 0.8935
vn -0.0372 -0.4641 0.8850
vn -0.0326 -0.6041 0.7962
vn 0.0322 -0.4479 0.8935
vn 0.0349 -0.6013 0.7983
vn 0.0326 -0.6041 0.7962
vn 0.0372 -0.4641 0.8850
vn -0.9894 0.1323 0.0595
vn -0.6746 -0.6900 -0.2625
vn -0.6566 -0.7054 -0.2669
vn -0.8997 0.4027 0.1683
vn -0.0000 -0.9410 -0.3383
vn -0.0000 -0.9406 -0.3394
vn 0.0125 0.0386 -0.9992
vn 0.0062 0.1960 -0.9806
vn 0.0065 0.1883 -0.9821
vn -0.0062 0.1960 -0.9806
vn -0.0125 0.0386 -0.9992
vn -0.0065 0.1883 -0.9821
vn 0.9910 0.1260 0.0459
vn -0.2643 -0.9063 -0.3299
vn -0.0638 -0.9378 -0.3413
vn -0.9889 0.1399 0.0509
vn -0.9889 -0.1399 -0.0509
vn 0.9889 0.1399 0.0509
vn -0.5545 -0.7820 -0.2846
vn 0.9889 -0.1399 -0.0509
vn -0.8522 -0.4917 -0.1790
vn -0.0638 0.9378 0.3413
vn -0.2643 0.9063 0.3299
vn 0.0638 -0.9378 -0.3413
vn 0.2643 -0.9063 -0.3299
vn -0.5545 0.7820 0.2846
vn 0.5545 -0.7820 -0.2846
vn -0.8522 0.4917 0.1790
vn 0.2643 0.9063 0.3299
vn 0.0638 0.9378 0.3413
vn 0.8522 -0.4917 -0.1790
vn -0.9239 -0.3596 -0.1309
vn -0.7071 -0.6645 -0.2418
vn -0.3827 -0.8682 -0.3160
vn 0.3827 -0.8682 -0.3160
vn 0.7071 -0.6645 -0.2418
vn 0.9239 -0.3596 -0.1309
vn 0.9239 0.3596 0.1309
vn 0.7071 0.6645 0.2418
vn 0.3827 0.8682 0.3160
vn -0.3827 0.8682 0.3160
vn -0.7071 0.6645 0.2418
vn -0.9239 0.3596 0.1309
vt 0.706627 0.590321
vt 0.745252 0.590321
vt 0.745252 0.945737
vt 0.706627 0.945737
vt 0.529359 0.582700
vt 0.590374 0.582703
vt 0.590377 0.957351
vt 0.529362 0.957348
vt 0.590380 0.582703
vt 0.651395 0.582700
vt 0.651392 0.957348
vt 0.590377 0.957351
vt 0.660142 0.587268
vt 0.698766 0.587268
vt 0.698766 0.954836
vt 0.660142 0.954836
vt 0.788139 0.837902
vt 0.749840 0.837899
vt 0.749840 0.806836
vt 0.788139 0.806840
vt 0.166446 0.992109
vt 0.144687 0.992107
vt 0.144687 0.953461
vt 0.166446 0.953463
vt 0.780630 0.837902
vt 0.780630 0.878667
vt 0.749840 0.878853
vt 0.749840 0.838089
vt 0.826439 0.837902
vt 0.826439 0.878709
vt 0.795610 0.878709
vt 0.795610 0.837902
vt 0.826439 0.837899
vt 0.826439 0.806836
vt 0.879923 0.981279
vt 0.879923 0.945772
vt 0.881680 0.943123
vt 0.881680 0.983929
vt 0.845589 0.945772
vt 0.845589 0.981279
vt 0.843832 0.983929
vt 0.843832 0.943123
vt 0.106159 0.964460
vt 0.122321 0.964460
vt 0.122321 0.985963
vt 0.106159 0.985963
vt 0.838586 0.934122
vt 0.822441 0.934024
vt 0.822441 0.895717
vt 0.838586 0.895815
vt 0.854749 0.934072
vt 0.838586 0.934072
vt 0.838586 0.895717
vt 0.854749 0.895717
vt 0.188205 0.992107
vt 0.166446 0.992109
vt 0.166446 0.953463
vt 0.188205 0.953461
vt 0.852005 0.955445
vt 0.852005 0.971607
vt 0.873508 0.971607
vt 0.873508 0.955445
vt 0.193562 0.970307
vt 0.195601 0.971660
vt 0.195601 0.973051
vt 0.193562 0.971698
vt 0.195772 0.973051
vt 0.197749 0.973226
vt 0.197708 0.975030
vt 0.195731 0.974855
vt 0.197693 0.977590
vt 0.195716 0.977415
vt 0.197707 0.980517
vt 0.195730 0.980342
vt 0.195601 0.990501
vt 0.193562 0.990333
vt 0.193562 0.987479
vt 0.195601 0.987647
vt 0.193562 0.985133
vt 0.195601 0.985301
vt 0.193562 0.948534
vt 0.195601 0.947181
vt 0.195601 0.948689
vt 0.193562 0.950042
vt 0.195601 0.950258
vt 0.193562 0.951611
vt 0.195601 0.971660
vt 0.197641 0.970307
vt 0.197641 0.971698
vt 0.195601 0.973051
vt 0.193618 0.973240
vt 0.195716 0.973051
vt 0.195675 0.974855
vt 0.193577 0.975043
vt 0.195660 0.977415
vt 0.193562 0.977603
vt 0.195674 0.980342
vt 0.193575 0.980530
vt 0.197756 0.990333
vt 0.195716 0.990501
vt 0.195716 0.987647
vt 0.197756 0.987479
vt 0.195716 0.985301
vt 0.197756 0.985133
vt 0.197641 0.948534
vt 0.197641 0.950042
vt 0.197641 0.951611
vt 0.788139 0.800808
vt 0.788526 0.797025
vt 0.789629 0.793817
vt 0.791278 0.791674
vt 0.793224 0.790922
vt 0.821354 0.790919
vt 0.823300 0.791672
vt 0.824949 0.793814
vt 0.826051 0.797021
vt 0.826439 0.800804
vt 0.195601 0.995110
vt 0.193562 0.994941
vt 0.197749 0.985119
vt 0.195772 0.984944
vt 0.749840 0.800804
vt 0.750227 0.797021
vt 0.751329 0.793814
vt 0.752979 0.791672
vt 0.754925 0.790919
vt 0.783054 0.790922
vt 0.785000 0.791674
vt 0.786650 0.793817
vt 0.787752 0.797025
vt 0.195716 0.984944
vt 0.193618 0.985133
vt 0.197756 0.994941
vt 0.195716 0.995110
vt 0.390858 0.989559
vt 0.390858 0.954816
vt 0.396890 0.954815
vt 0.400673 0.955202
vt 0.403880 0.956304
vt 0.406023 0.957953
vt 0.406776 0.959899
vt 0.406776 0.984472
vt 0.406023 0.986418
vt 0.403880 0.988068
vt 0.400673 0.989171
vt 0.396890 0.989558
vt 0.141686 0.956160
vt 0.141686 0.990903
vt 0.135654 0.990902
vt 0.131871 0.990515
vt 0.128664 0.989413
vt 0.126521 0.987763
vt 0.125768 0.985817
vt 0.125768 0.961244
vt 0.126521 0.959298
vt 0.128664 0.957648
vt 0.131871 0.956546
vt 0.135654 0.956160
vt 0.669086 0.981929
vt 0.669563 0.983005
vt 0.666906 0.987376
vt 0.670919 0.983917
vt 0.672950 0.984527
vt 0.675345 0.984741
vt 0.683563 0.984741
vt 0.685958 0.984527
vt 0.692002 0.987376
vt 0.687988 0.983917
vt 0.689345 0.983005
vt 0.689821 0.981929
vt 0.689821 0.968460
vt 0.689345 0.967384
vt 0.692002 0.963013
vt 0.687988 0.966472
vt 0.685958 0.965862
vt 0.683563 0.965648
vt 0.675345 0.965648
vt 0.672950 0.965862
vt 0.666906 0.963013
vt 0.670919 0.966472
vt 0.669563 0.967384
vt 0.669086 0.968460
vt 0.489432 0.641273
vt 0.489650 0.643668
vt 0.486857 0.650275
vt 0.490271 0.645698
vt 0.491201 0.647055
vt 0.492297 0.647531
vt 0.492297 0.626796
vt 0.491201 0.627272
vt 0.486857 0.624052
vt 0.490271 0.628629
vt 0.489650 0.630659
vt 0.489432 0.633054
vt 0.508887 0.633054
vt 0.508669 0.630659
vt 0.511462 0.624052
vt 0.508048 0.628629
vt 0.507119 0.627272
vt 0.506022 0.626796
vt 0.506022 0.647531
vt 0.507119 0.647055
vt 0.511462 0.650275
vt 0.508048 0.645698
vt 0.508669 0.643668
vt 0.508887 0.641273
vt 0.838050 0.991237
vt 0.838050 0.943123
vt 0.840445 0.943149
vt 0.840445 0.991189
vt 0.842475 0.943226
vt 0.842475 0.991049
vt 0.843832 0.943340
vt 0.843832 0.990841
vt 0.492256 0.606755
vt 0.492256 0.558216
vt 0.493288 0.558574
vt 0.493347 0.606737
vt 0.211028 0.949203
vt 0.211023 0.990661
vt 0.208641 0.990732
vt 0.208645 0.949198
vt 0.206641 0.990885
vt 0.206644 0.949135
vt 0.205329 0.991098
vt 0.205329 0.949025
vt 0.507317 0.563383
vt 0.508176 0.606459
vt 0.507073 0.606482
vt 0.506274 0.563030
vt 0.494158 0.514491
vt 0.493359 0.557943
vt 0.492256 0.557920
vt 0.493115 0.514844
vt 0.225090 0.948828
vt 0.225090 0.990900
vt 0.223692 0.990715
vt 0.223695 0.948965
vt 0.221635 0.990602
vt 0.221640 0.949068
vt 0.219233 0.990579
vt 0.219238 0.949121
vt 0.507085 0.558198
vt 0.507145 0.510035
vt 0.508176 0.509677
vt 0.508176 0.558216
vt 0.824050 0.990841
vt 0.824050 0.943340
vt 0.825406 0.943226
vt 0.825406 0.991049
vt 0.827437 0.943149
vt 0.827437 0.991189
vt 0.829832 0.943123
vt 0.829832 0.991237
vt 0.480016 0.657567
vt 0.480016 0.616760
vt 0.518304 0.657567
vt 0.518304 0.616760
vt 0.669529 0.995553
vt 0.665936 0.995232
vt 0.663412 0.991599
vt 0.662891 0.994317
vt 0.660856 0.992949
vt 0.660142 0.991335
vt 0.698766 0.991335
vt 0.698052 0.992949
vt 0.695496 0.991599
vt 0.696017 0.994317
vt 0.692971 0.995232
vt 0.689379 0.995553
vt 0.760424 0.622428
vt 0.760424 0.682027
vt 0.756850 0.682133
vt 0.756850 0.622534
vt 0.753851 0.682363
vt 0.753851 0.622764
vt 0.751883 0.682681
vt 0.751883 0.623082
vt 0.651395 0.996204
vt 0.590380 0.996207
vt 0.590377 0.994553
vt 0.651392 0.994550
vt 0.529362 0.994550
vt 0.590377 0.994553
vt 0.590374 0.996207
vt 0.529359 0.996204
vt 0.789039 0.622714
vt 0.789039 0.682313
vt 0.786941 0.682034
vt 0.786941 0.622435
vt 0.783856 0.681865
vt 0.783856 0.622266
vt 0.780253 0.681831
vt 0.780253 0.622232
vt 0.745252 0.981030
vt 0.744537 0.982590
vt 0.742502 0.983913
vt 0.739457 0.984797
vt 0.735865 0.985108
vt 0.716014 0.985108
vt 0.712422 0.984797
vt 0.709377 0.983913
vt 0.707342 0.982590
vt 0.706627 0.981030
vt 0.756070 0.917028
vt 0.757260 0.907778
vt 0.767121 0.909847
vt 0.760648 0.899912
vt 0.765718 0.894629
vt 0.771699 0.892731
vt 0.771699 0.989297
vt 0.765718 0.987519
vt 0.767121 0.972272
vt 0.760648 0.982336
vt 0.757260 0.974537
vt 0.756070 0.965311
vt 0.818585 0.964690
vt 0.817395 0.973940
vt 0.807533 0.971871
vt 0.814007 0.981806
vt 0.808937 0.987090
vt 0.802956 0.988987
vt 0.802956 0.892421
vt 0.808937 0.894199
vt 0.807533 0.909446
vt 0.814007 0.899382
vt 0.817395 0.907181
vt 0.818585 0.916407
vt 0.518471 0.897590
vt 0.524979 0.897590
vt 0.525575 0.903577
vt 0.519066 0.903577
vt 0.525453 0.765214
vt 0.518592 0.765214
vt 0.518528 0.759878
vt 0.525389 0.759879
vt 0.518486 0.751875
vt 0.525346 0.751875
vt 0.518471 0.742422
vt 0.525331 0.742422
vt 0.518471 0.940855
vt 0.525202 0.940855
vt 0.525566 0.946842
vt 0.518836 0.946842
vt 0.518592 0.670117
vt 0.525453 0.670117
vt 0.525389 0.675496
vt 0.518528 0.675496
vt 0.525346 0.683529
vt 0.518486 0.683529
vt 0.525331 0.692992
vt 0.518471 0.692992
vt 0.524979 0.866299
vt 0.518471 0.866299
vt 0.519066 0.860312
vt 0.525575 0.860312
vt 0.525331 0.860311
vt 0.518471 0.860312
vt 0.518535 0.854976
vt 0.525395 0.854976
vt 0.518577 0.846972
vt 0.525438 0.846972
vt 0.518592 0.837520
vt 0.525453 0.837519
vt 0.525202 0.909564
vt 0.518471 0.909564
vt 0.518836 0.903577
vt 0.525566 0.903577
vt 0.518471 0.765215
vt 0.525331 0.765214
vt 0.525395 0.770594
vt 0.518535 0.770594
vt 0.525438 0.778626
vt 0.518577 0.778627
vt 0.525453 0.788089
vt 0.518592 0.788090
vt 0.765405 0.782915
vt 0.759417 0.781082
vt 0.754342 0.775860
vt 0.750950 0.768045
vt 0.749759 0.758827
vt 0.749759 0.710652
vt 0.750950 0.701434
vt 0.754342 0.693620
vt 0.759417 0.688398
vt 0.765405 0.686565
vt 0.796695 0.686565
vt 0.802683 0.688398
vt 0.807758 0.693620
vt 0.811150 0.701434
vt 0.812341 0.710652
vt 0.812341 0.758827
vt 0.811150 0.768045
vt 0.807758 0.775860
vt 0.802683 0.781082
vt 0.796695 0.782915
vt 0.806619 0.910868
vt 0.768036 0.911251
vt 0.768036 0.970850
vt 0.806619 0.970467
vt 0.250035 0.893362
vt 0.250010 0.883390
vt 0.286823 0.886245
vt 0.283431 0.895614
vt 0.282499 0.834136
vt 0.292732 0.834219
vt 0.292732 0.874975
vt 0.279523 0.871633
vt 0.290624 0.940071
vt 0.290598 0.950043
vt 0.257202 0.952296
vt 0.253810 0.942926
vt 0.113012 0.831706
vt 0.125210 0.830665
vt 0.125210 0.870941
vt 0.113012 0.871982
vt 0.331438 0.959798
vt 0.331491 0.971789
vt 0.290748 0.971789
vt 0.290694 0.959798
vt 0.381178 0.952014
vt 0.381151 0.961986
vt 0.367226 0.961913
vt 0.367253 0.951941
vt 0.249732 0.874975
vt 0.249885 0.885141
vt 0.235964 0.885141
vt 0.235811 0.874975
vt 0.249939 0.959798
vt 0.249885 0.971789
vt 0.235964 0.971789
vt 0.236018 0.959798
vt 0.035342 0.556842
vt 0.021567 0.556480
vt 0.021567 0.542719
vt 0.035342 0.543081
vt 0.147366 0.541678
vt 0.147366 0.820096
vt 0.135376 0.820149
vt 0.135376 0.541731
vt 0.125210 0.820302
vt 0.125210 0.541884
vt 0.488495 0.667247
vt 0.488495 0.945752
vt 0.480081 0.945681
vt 0.480081 0.667176
vt 0.456183 0.945655
vt 0.456183 0.667150
vt 0.292732 0.555714
vt 0.282499 0.555631
vt 0.282499 0.541706
vt 0.292732 0.541789
vt 0.210033 0.820096
vt 0.210033 0.541678
vt 0.222024 0.541731
vt 0.222024 0.820149
vt 0.232190 0.541884
vt 0.232190 0.820302
vt 0.423871 0.945752
vt 0.423871 0.667247
vt 0.432286 0.667176
vt 0.432285 0.945681
vt 0.456183 0.951597
vt 0.451611 0.990885
vt 0.451611 0.951597
vt 0.456183 0.951597
vt 0.456183 0.990885
vt 0.125210 0.555439
vt 0.113012 0.556480
vt 0.113012 0.542719
vt 0.125210 0.541678
vt 0.461010 0.541678
vt 0.460623 0.544286
vt 0.457183 0.544286
vt 0.457570 0.541678
vt 0.224600 0.829480
vt 0.230217 0.839645
vt 0.232190 0.851636
vt 0.232190 0.914303
vt 0.230217 0.926294
vt 0.224600 0.936459
vt 0.216193 0.943251
vt 0.192456 0.945636
vt 0.154450 0.945636
vt 0.144533 0.943251
vt 0.136126 0.936459
vt 0.130509 0.926293
vt 0.128537 0.914303
vt 0.128537 0.851636
vt 0.130509 0.839645
vt 0.136127 0.829480
vt 0.144533 0.822687
vt 0.154450 0.820302
vt 0.192456 0.820302
vt 0.216193 0.822687
vt 0.377871 0.568617
vt 0.377048 0.575084
vt 0.353274 0.573365
vt 0.355244 0.561375
vt 0.379540 0.564708
vt 0.360854 0.551186
vt 0.382038 0.562087
vt 0.369251 0.544350
vt 0.386178 0.560777
vt 0.379155 0.541907
vt 0.377048 0.633961
vt 0.377871 0.640419
vt 0.355244 0.647934
vt 0.353274 0.635968
vt 0.379540 0.644308
vt 0.360854 0.658055
vt 0.382038 0.646898
vt 0.369251 0.664790
vt 0.386178 0.648158
vt 0.379155 0.667113
vt 0.433024 0.574746
vt 0.432200 0.568288
vt 0.454827 0.560772
vt 0.456798 0.572739
vt 0.430531 0.564399
vt 0.449217 0.550651
vt 0.428034 0.561809
vt 0.440821 0.543917
vt 0.423894 0.560549
vt 0.417114 0.541678
vt 0.432200 0.640090
vt 0.433024 0.633623
vt 0.456798 0.635342
vt 0.454827 0.647332
vt 0.430531 0.643999
vt 0.449217 0.657521
vt 0.428034 0.646620
vt 0.440821 0.664357
vt 0.423894 0.647930
vt 0.417901 0.667150
vt 0.099237 0.832068
vt 0.099237 0.556842
vt 0.292732 0.555714
vt 0.302965 0.555631
vt 0.302965 0.834136
vt 0.314467 0.555603
vt 0.314467 0.834108
vt 0.035342 0.832068
vt 0.021567 0.831706
vt 0.009369 0.830665
vt 0.009369 0.555439
vt 0.270997 0.834108
vt 0.270997 0.555603
vt 0.353274 0.834111
vt 0.353274 0.555606
vt 0.232190 0.555606
vt 0.232190 0.840054
vt 0.099237 0.543081
vt 0.353301 0.961986
vt 0.353274 0.952014
vt 0.367199 0.951941
vt 0.367226 0.961913
vt 0.099237 0.872344
vt 0.035342 0.872344
vt 0.508965 0.671169
vt 0.502698 0.671169
vt 0.502698 0.669610
vt 0.508965 0.669610
vt 0.381151 0.943599
vt 0.367226 0.943527
vt 0.331491 0.885140
vt 0.331438 0.897131
vt 0.290694 0.897131
vt 0.290748 0.885140
vt 0.515231 0.671169
vt 0.515231 0.949587
vt 0.508965 0.949587
vt 0.502698 0.955527
vt 0.508965 0.955527
vt 0.284652 0.988338
vt 0.270297 0.988281
vt 0.302965 0.541706
vt 0.314467 0.541678
vt 0.268713 0.867679
vt 0.232246 0.854409
vt 0.249939 0.874975
vt 0.290694 0.874975
vt 0.021567 0.871982
vt 0.009369 0.870941
vt 0.358425 0.906484
vt 0.360395 0.918451
vt 0.355613 0.920875
vt 0.353274 0.907129
vt 0.360395 0.831891
vt 0.358425 0.843881
vt 0.353274 0.843299
vt 0.355613 0.829524
vt 0.385563 0.937286
vt 0.419497 0.936483
vt 0.419497 0.942743
vt 0.385110 0.943527
vt 0.376710 0.814672
vt 0.366006 0.821702
vt 0.362346 0.817297
vt 0.374939 0.808930
vt 0.366006 0.928572
vt 0.376710 0.935112
vt 0.374939 0.940938
vt 0.362346 0.933020
vt 0.385563 0.812080
vt 0.385110 0.805861
vt 0.419497 0.811277
vt 0.419497 0.805017
vt 0.353217 0.854409
vt 0.316750 0.867679
vt 0.331644 0.981954
vt 0.290901 0.981954
vt 0.305940 0.871633
vt 0.292732 0.874975
vt 0.331644 0.874975
vt 0.290901 0.874975
vt 0.250038 0.931657
vt 0.270336 0.931600
vt 0.508965 0.969880
vt 0.502698 0.969880
vt 0.290694 0.931657
vt 0.249939 0.931657
vt 0.515231 0.969880
vt 0.423871 0.673416
vt 0.384345 0.673416
vt 0.383837 0.667180
vt 0.423871 0.667150
vt 0.360404 0.692759
vt 0.358432 0.704750
vt 0.353274 0.704136
vt 0.355616 0.690361
vt 0.374428 0.675802
vt 0.366021 0.682594
vt 0.362357 0.678163
vt 0.372445 0.670012
vt 0.360404 0.779408
vt 0.366021 0.789573
vt 0.362357 0.794004
vt 0.355616 0.781806
vt 0.384345 0.798750
vt 0.423871 0.798750
vt 0.423871 0.805017
vt 0.383837 0.804987
vt 0.358432 0.767417
vt 0.353274 0.768031
vt 0.374428 0.796365
vt 0.372445 0.802155
vt 0.353274 0.554047
vt 0.515231 0.669610
vt 0.292732 0.541789
vt 0.270997 0.541678
vt 0.249939 0.897131
vt 0.236018 0.897131
vt 0.249732 0.981954
vt 0.235811 0.981954
vt 0.380954 1.000281
vt 0.379395 1.000273
vt 0.353301 0.943599
vt 0.367226 0.943527
vt 0.009369 0.541678
vt 0.232190 0.554047
vt 0.353498 1.000281
vt 0.355057 1.000273
vt 0.079416 0.959954
vt 0.075276 0.958693
vt 0.072778 0.956103
vt 0.071109 0.952214
vt 0.070286 0.945757
vt 0.070286 0.886880
vt 0.071109 0.880413
vt 0.089772 0.907631
vt 0.087165 0.911578
vt 0.086250 0.916222
vt 0.087165 0.920854
vt 0.089772 0.924770
vt 0.093672 0.927373
vt 0.098274 0.928268
vt 0.102875 0.927317
vt 0.106776 0.924667
vt 0.109383 0.920719
vt 0.110298 0.916076
vt 0.109383 0.911444
vt 0.106776 0.907528
vt 0.126262 0.886541
vt 0.126262 0.945418
vt 0.125438 0.951885
vt 0.123769 0.955795
vt 0.121272 0.958415
vt 0.117132 0.959726
vt 0.117132 0.872344
vt 0.121272 0.873605
vt 0.123769 0.876195
vt 0.125438 0.880084
vt 0.102875 0.904925
vt 0.098274 0.904030
vt 0.093672 0.904981
vt 0.072778 0.876503
vt 0.075276 0.873883
vt 0.079416 0.872572
vt 0.468044 0.548189
vt 0.468066 0.554657
vt 0.464586 0.554657
vt 0.464564 0.548189
vt 0.065289 0.937636
vt 0.065289 0.902235
vt 0.068528 0.902235
vt 0.068528 0.937635
vt 0.459678 0.987969
vt 0.459664 0.992156
vt 0.456183 0.992156
vt 0.456196 0.987969
vt 0.467999 0.544286
vt 0.464518 0.544286
vt 0.459678 0.949918
vt 0.456196 0.949918
vt 0.467930 0.541678
vt 0.464450 0.541678
vt 0.460238 0.613595
vt 0.460365 0.620064
vt 0.456925 0.620064
vt 0.456797 0.613595
vt 0.065302 0.898360
vt 0.068540 0.898360
vt 0.468066 0.613595
vt 0.468044 0.620064
vt 0.464564 0.620064
vt 0.464586 0.613595
vt 0.460623 0.623967
vt 0.457183 0.623967
vt 0.467999 0.623967
vt 0.464518 0.623967
vt 0.461010 0.626575
vt 0.457570 0.626575
vt 0.460365 0.548189
vt 0.460238 0.554657
vt 0.456797 0.554657
vt 0.456925 0.548189
vt 0.467930 0.626575
vt 0.464450 0.626575
vt 0.065302 0.941531
vt 0.068540 0.941531
vt 0.459664 0.945753
vt 0.456183 0.945752
vt 0.065361 0.985868
vt 0.065351 0.990503
vt 0.062822 0.990503
vt 0.062831 0.985868
vt 0.065388 0.981955
vt 0.062859 0.981955
vt 0.065951 0.947910
vt 0.065880 0.943975
vt 0.068409 0.943975
vt 0.068480 0.947910
vt 0.065976 0.952553
vt 0.068505 0.952553
vt 0.065951 0.957195
vt 0.068480 0.957195
vt 0.065880 0.961131
vt 0.068409 0.961131
vt 0.065509 0.967847
vt 0.065482 0.963934
vt 0.068011 0.963934
vt 0.068039 0.967847
vt 0.065519 0.972482
vt 0.068048 0.972482
vt 0.065509 0.977132
vt 0.068039 0.977132
vt 0.065482 0.981089
vt 0.068011 0.981089
vt 0.065404 0.890218
vt 0.065001 0.894153
vt 0.062502 0.894153
vt 0.062905 0.890218
vt 0.065546 0.885575
vt 0.063046 0.885575
vt 0.065404 0.880933
vt 0.062905 0.880933
vt 0.065001 0.876997
vt 0.062502 0.876997
vt 0.433310 0.951609
vt 0.437998 0.951597
vt 0.442329 0.953397
vt 0.445643 0.956735
vt 0.447437 0.961103
vt 0.447437 0.965835
vt 0.445643 0.970212
vt 0.442329 0.973567
vt 0.437998 0.975389
vt 0.433310 0.975401
vt 0.428980 0.973602
vt 0.425665 0.970264
vt 0.423871 0.965896
vt 0.423871 0.961164
vt 0.425665 0.956787
vt 0.428980 0.953432
vt 0.065361 0.995153
vt 0.065388 0.999110
vt 0.062859 0.999110
vt 0.062831 0.995153
vt 0.463678 0.554657
vt 0.463678 0.613595
vt 0.463146 0.945753
vt 0.463159 0.949919
vt 0.464064 0.544286
vt 0.463806 0.548189
vt 0.062063 0.941531
vt 0.062050 0.937636
vt 0.471479 0.623967
vt 0.471411 0.626575
vt 0.464064 0.623967
vt 0.471524 0.620064
vt 0.471547 0.554657
vt 0.471547 0.613595
vt 0.463806 0.620064
vt 0.062050 0.902236
vt 0.062063 0.898360
vt 0.471411 0.541678
vt 0.471479 0.544286
vt 0.463159 0.987969
vt 0.471524 0.548189
vt 0.463146 0.992156
vt 0.067880 0.990503
vt 0.067890 0.995152
vt 0.067917 0.999110
vt 0.067501 0.876997
vt 0.067904 0.880933
vt 0.068045 0.885575
vt 0.067904 0.890218
vt 0.067501 0.894153
vt 0.062953 0.981089
vt 0.062980 0.977131
vt 0.062990 0.972482
vt 0.062980 0.967847
vt 0.062953 0.963933
vt 0.063352 0.961131
vt 0.063423 0.957195
vt 0.063448 0.952553
vt 0.063423 0.947910
vt 0.063352 0.943975
vt 0.067917 0.981954
vt 0.067890 0.985868
vt 0.074811 0.966419
vt 0.159056 0.616146
vt 0.159056 0.745628
vt 0.198344 0.745628
vt 0.198344 0.616146
vt 0.048656 0.872344
vt 0.048656 1.001826
vt 0.009369 1.001826
vt 0.009369 0.872344
vt 0.052606 0.994978
vt 0.052606 0.879264
vt 0.056722 0.879265
vt 0.056722 0.994979
vt 0.467864 0.665850
vt 0.467864 0.626602
vt 0.472430 0.626575
vt 0.472430 0.665822
vt 0.060838 0.879264
vt 0.060838 0.994978
vt 0.056722 0.994979
vt 0.056722 0.879265
vt 0.353274 0.948053
vt 0.352450 0.954520
vt 0.350781 0.958429
vt 0.348283 0.961049
vt 0.344142 0.962359
vt 0.306416 0.962581
vt 0.302276 0.961320
vt 0.299777 0.958729
vt 0.298108 0.954839
vt 0.297284 0.948382
vt 0.297284 0.889503
vt 0.298108 0.883036
vt 0.299777 0.879127
vt 0.302276 0.876507
vt 0.306416 0.875197
vt 0.344142 0.874975
vt 0.348283 0.876236
vt 0.350781 0.878827
vt 0.352450 0.882717
vt 0.353274 0.889174
s 1
usemtl mirror
f 850/1826/181 849/1826/181 848/1826/181 847/1826/181 846/1826/181 845/1826/181 844/1826/181 843/1826/181 842/1826/181 841/1826/181 840/1826/181 839/1826/181 838/1826/181 837/1826/181 835/1826/181 836/1826/181
s 0
usemtl alpha_0
f 825/1847/180 826/1848/180 829/1849/180 831/1850/180 819/1851/180 820/1852/180 824/1853/180 822/1854/180 817/1855/180 818/1856/180 827/1857/180 828/1858/180 830/1859/180 834/1860/180 823/1861/180 821/1862/180 815/1863/180 816/1864/180 832/1865/180 833/1866/180
s 1
usemtl texture_3
f 449/985/176 451/986/176 453/987/176 454/988/176
f 450/989/177 449/990/177 454/991/177 455/992/177
f 451/993/178 452/994/178 456/995/178 453/996/178
f 452/997/179 450/998/179 455/999/179 456/1000/179
f 457/1001/178 460/1002/178 468/1003/178 465/1004/178
f 461/1005/178 464/1006/178 472/1007/178 469/1008/178
f 458/1009/180 457/1010/180 465/1011/180 466/1012/180
f 460/1013/181 459/1014/181 467/1015/181 468/1016/181
f 459/1017/177 458/1001/177 466/1004/177 467/1018/177
f 473/1019/182 474/1020/182 466/1021/182 465/1022/182
f 475/1023/182 476/1024/182 468/1025/182 467/1026/182
f 472/1027/182 471/1028/182 470/1029/182 469/1030/182
f 462/1031/180 461/1032/180 469/1033/180 470/1034/180
f 464/1035/181 463/1036/181 471/1037/181 472/1038/181
f 463/1039/177 462/1040/177 470/1041/177 471/1042/177
f 463/1043/182 464/1044/182 476/1024/182 475/1023/182
f 464/1044/182 461/1045/182 473/1019/182 476/1024/182
f 462/1046/182 463/1043/182 475/1023/182 474/1020/182
f 461/1045/182 462/1046/182 474/1020/182 473/1019/182
f 497/1047/183 483/1048/184 486/1049/185 499/1050/186
f 499/1051/186 486/1052/185 485/1053/187 500/1054/188
f 500/1054/188 485/1053/187 484/1055/189 501/1056/190
f 501/1056/190 484/1055/189 482/1057/191 498/1058/192
f 502/1059/193 478/1060/194 481/1061/195 504/1062/196
f 504/1062/196 481/1061/195 480/1063/197 505/1064/198
f 505/1065/198 480/1066/197 479/1067/199 506/1068/200
f 506/1068/200 479/1067/199 477/1069/201 503/1070/202
f 487/1071/203 508/1072/204 511/1073/205 489/1074/206
f 489/1075/206 511/1076/205 510/1077/207 490/1078/208
f 490/1078/208 510/1077/207 509/1079/209 491/1080/210
f 491/1080/210 509/1079/209 507/1081/211 488/1082/212
f 492/1083/213 513/1084/214 516/1085/215 494/1086/216
f 494/1086/216 516/1085/215 515/1087/217 495/1088/218
f 495/1066/218 515/1089/217 514/1090/219 496/1067/220
f 496/1067/220 514/1090/219 512/1091/221 493/1069/222
f 467/1018/177 466/1004/177 482/1092/177 484/1093/177 485/1094/177 486/1095/177 483/1096/177 477/1097/177 479/1098/177 480/1099/177 481/1100/177 478/1101/177
f 497/1047/183 503/1070/202 477/1069/201 483/1048/184
f 475/1102/223 467/1103/223 478/1060/194 502/1059/193
f 466/1104/224 474/1105/224 498/1058/192 482/1057/191
f 465/1004/178 468/1003/178 492/1106/178 494/1107/178 495/1108/178 496/1109/178 493/1110/178 487/1111/178 489/1112/178 490/1113/178 491/1114/178 488/1092/178
f 512/1091/221 508/1072/204 487/1071/203 493/1069/222
f 473/1115/225 465/1116/225 488/1082/212 507/1081/211
f 468/1117/226 476/1118/226 513/1084/214 492/1083/213
f 474/1119/178 475/1120/178 502/1121/178 504/1122/178 505/1123/178 506/1124/178 503/1125/178 497/1126/178 499/1127/178 500/1128/178 501/1129/178 498/1130/178
f 476/1131/177 473/1132/177 507/1133/177 509/1134/177 510/1135/177 511/1136/177 508/1137/177 512/1138/177 514/1139/177 515/1140/177 516/1141/177 513/1142/177
f 517/1143/179 520/1144/179 519/1145/179
f 520/1144/179 521/1146/179 519/1145/179
f 521/1146/179 522/1147/179 519/1145/179
f 522/1147/179 518/1148/179 519/1145/179
f 523/1149/179 526/1150/179 525/1151/179
f 526/1150/179 527/1152/179 525/1151/179
f 527/1152/179 528/1153/179 525/1151/179
f 528/1153/179 524/1154/179 525/1151/179
f 529/1155/179 532/1156/179 531/1157/179
f 532/1156/179 533/1158/179 531/1157/179
f 533/1158/179 534/1159/179 531/1157/179
f 534/1159/179 530/1160/179 531/1157/179
f 535/1161/179 538/1162/179 537/1163/179
f 538/1162/179 539/1164/179 537/1163/179
f 539/1164/179 540/1165/179 537/1163/179
f 540/1165/179 536/1166/179 537/1163/179
f 541/1167/227 544/1168/227 543/1169/227
f 544/1168/227 545/1170/227 543/1169/227
f 545/1170/227 546/1171/227 543/1169/227
f 546/1171/227 542/1172/227 543/1169/227
f 547/1173/227 550/1174/227 549/1175/227
f 550/1174/227 551/1176/227 549/1175/227
f 551/1176/227 552/1177/227 549/1175/227
f 552/1177/227 548/1178/227 549/1175/227
f 553/1179/227 556/1180/227 555/1181/227
f 556/1180/227 557/1182/227 555/1181/227
f 557/1182/227 558/1183/227 555/1181/227
f 558/1183/227 554/1184/227 555/1181/227
f 559/1185/227 562/1186/227 561/1187/227
f 562/1186/227 563/1188/227 561/1187/227
f 563/1188/227 564/1189/227 561/1187/227
f 564/1189/227 560/1190/227 561/1187/227
f 535/1191/228 560/1192/229 564/1193/230 538/1194/231
f 538/1194/231 564/1193/230 563/1195/232 539/1196/233
f 539/1196/233 563/1195/232 562/1197/234 540/1198/235
f 540/1199/235 562/1200/234 559/1201/236 536/1202/237
f 541/1203/238 518/1204/239 522/1205/240 544/1206/241
f 544/1206/241 522/1205/240 521/1207/242 545/1208/243
f 545/1208/243 521/1207/242 520/1209/244 546/1210/245
f 546/1211/245 520/1212/244 517/1213/246 542/1214/247
f 547/1215/248 524/1216/249 528/1217/250 550/1218/251
f 550/1219/251 528/1220/250 527/1221/252 551/1222/253
f 551/1222/253 527/1221/252 526/1223/254 552/1224/255
f 552/1224/255 526/1223/254 523/1225/256 548/1226/257
f 529/1227/258 554/1228/259 558/1229/260 532/1230/261
f 532/1231/261 558/1232/260 557/1233/262 533/1234/263
f 533/1234/263 557/1233/262 556/1235/264 534/1236/265
f 534/1236/265 556/1235/264 553/1237/266 530/1238/267
f 523/1225/256 518/1204/239 541/1203/238 548/1226/257
f 517/1213/246 536/1202/237 559/1201/236 542/1214/247
f 529/1227/258 524/1216/249 547/1215/248 554/1228/259
f 531/1157/179 530/1160/179 535/1161/179 537/1163/179 456/1000/179 455/999/179
f 535/1191/228 530/1238/267 553/1237/266 560/1192/229
f 549/1175/227 548/1178/227 541/1167/227 543/1169/227 457/1239/227 458/1240/227
f 543/1169/227 542/1172/227 559/1185/227 561/1187/227 460/1241/227 457/1239/227
f 555/1181/227 554/1184/227 547/1173/227 549/1175/227 458/1240/227 459/1242/227
f 561/1187/227 560/1190/227 553/1179/227 555/1181/227 459/1242/227 460/1241/227
f 575/1243/179 578/1244/179 577/1245/179
f 578/1244/179 579/1246/179 577/1245/179
f 579/1246/179 580/1247/179 577/1245/179
f 580/1247/179 576/1248/179 577/1245/179
f 581/1249/179 584/1250/179 583/1251/179
f 584/1250/179 585/1252/179 583/1251/179
f 585/1252/179 586/1253/179 583/1251/179
f 586/1253/179 582/1254/179 583/1251/179
f 575/1255/268 566/1256/268 569/1257/269 578/1258/269
f 578/1258/269 569/1257/269 568/1259/270 579/1260/270
f 579/1260/270 568/1259/270 567/1261/271 580/1262/271
f 580/1263/271 567/1264/271 565/1265/272 576/1266/272
f 581/1267/273 571/1268/273 574/1269/274 584/1270/274
f 584/1271/274 574/1272/274 573/1273/275 585/1274/275
f 585/1274/275 573/1273/275 572/1275/276 586/1276/276
f 586/1276/276 572/1275/276 570/1277/277 582/1278/277
f 453/996/178 456/995/178 576/1266/272 565/1265/272
f 566/1256/268 575/1255/268 582/1278/277 570/1277/277
f 454/988/176 453/987/176 565/1279/176 567/1280/176 568/1281/176 569/1282/176 566/1283/176 570/1284/176 572/1285/176 573/1286/176 574/1287/176 571/1288/176
f 455/992/177 454/991/177 571/1268/273 581/1267/273
f 537/1163/179 536/1166/179 517/1143/179 519/1145/179 577/1245/179 576/1248/179 456/1000/179
f 519/1145/179 518/1148/179 523/1149/179 525/1151/179 583/1251/179 582/1254/179 575/1243/179 577/1245/179
f 525/1151/179 524/1154/179 529/1155/179 531/1157/179 455/999/179 581/1249/179 583/1251/179
f 607/1289/278 610/1290/278 609/1291/278
f 610/1290/278 611/1292/278 609/1291/278
f 611/1292/278 612/1293/278 609/1291/278
f 612/1293/278 608/1294/278 609/1291/278
f 613/1295/278 616/1296/278 615/1297/278
f 616/1296/278 617/1298/278 615/1297/278
f 617/1298/278 618/1299/278 615/1297/278
f 618/1299/278 614/1300/278 615/1297/278
f 619/1301/278 622/1302/278 621/1303/278
f 622/1302/278 623/1304/278 621/1303/278
f 623/1304/278 624/1305/278 621/1303/278
f 624/1305/278 620/1306/278 621/1303/278
f 625/1307/278 628/1308/278 627/1309/278
f 628/1308/278 629/1310/278 627/1309/278
f 629/1310/278 630/1311/278 627/1309/278
f 630/1311/278 626/1312/278 627/1309/278
f 613/1313/279 598/1314/279 601/1315/280 616/1316/280
f 616/1317/280 601/1318/280 600/1319/281 617/1320/281
f 617/1320/281 600/1319/281 599/1321/282 618/1322/282
f 618/1322/282 599/1321/282 597/1323/283 614/1324/283
f 602/1325/284 608/1326/284 612/1327/285 604/1328/285
f 604/1329/285 612/1330/285 611/1331/286 605/1332/286
f 605/1332/286 611/1331/286 610/1333/287 606/1334/287
f 606/1334/287 610/1333/287 607/1335/288 603/1336/288
f 587/1337/289 620/1338/289 624/1339/290 589/1340/290
f 589/1341/290 624/1342/290 623/1343/291 590/1344/291
f 590/1344/291 623/1343/291 622/1345/292 591/1346/292
f 591/1346/292 622/1345/292 619/1347/293 588/1348/293
f 625/1349/294 593/1350/294 596/1351/295 628/1352/295
f 628/1353/295 596/1354/295 595/1355/296 629/1356/296
f 629/1356/296 595/1355/296 594/1357/297 630/1358/297
f 630/1358/297 594/1357/297 592/1359/298 626/1360/298
f 598/1314/279 613/1313/279 620/1338/289 587/1337/289
f 587/1361/299 589/1362/299 590/1363/299 591/1364/299 588/1365/299 592/1366/299 594/1367/299 595/1368/299 596/1369/299 593/1370/299 602/1371/299 604/1372/299 605/1373/299 606/1374/299 603/1375/299 597/1376/299 599/1377/299 600/1378/299 601/1379/299 598/1380/299
f 619/1347/293 626/1360/298 592/1359/298 588/1348/293
f 608/1326/284 602/1325/284 593/1350/294 625/1349/294
f 597/1323/283 603/1336/288 607/1335/288 614/1324/283
f 450/1381/278 452/1382/278 609/1291/278 608/1294/278 625/1307/278 627/1309/278
f 452/1382/278 451/1383/278 615/1297/278 614/1300/278 607/1289/278 609/1291/278
f 451/1383/278 449/1384/278 621/1303/278 620/1306/278 613/1295/278 615/1297/278
f 449/1384/278 450/1381/278 627/1309/278 626/1312/278 619/1301/278 621/1303/278
f 691/1385/300 690/1386/301 734/1387/302 735/1388/303
f 724/1389/304 722/1390/305 750/1391/306 751/1392/307
f 695/1393/308 696/1394/309 740/1395/310 739/1396/311
f 707/1397/312 711/1398/313 745/1399/314 743/1400/312
f 692/1401/315 693/1402/316 737/1403/316 736/1404/315
f 642/1405/317 639/1406/318 767/1407/319 764/1408/317
f 658/1409/320 656/1410/316 760/1411/316 765/1412/320
f 640/1413/321 645/1414/322 758/1415/322 757/1416/321
f 718/1417/323 717/1418/324 759/1419/324 774/1420/323
f 851/1421/315 852/1422/315 698/1423/316 672/1424/316
f 672/1424/316 698/1423/316 699/1425/320 673/1426/320
f 673/1427/320 699/1428/320 700/1429/325 675/1430/325
f 675/1430/325 700/1429/325 701/1431/326 670/1432/326
f 721/1433/327 723/1434/328 762/1435/328 766/1436/327
f 854/1437/321 853/1438/321 686/1439/322 702/1440/322
f 702/1440/322 686/1439/322 685/1441/329 704/1442/329
f 704/1443/329 685/1444/329 684/1445/330 705/1446/331
f 705/1446/331 684/1445/330 682/1432/332 706/1447/332
f 669/1448/181 683/1449/181 857/1450/181 855/1451/181
f 712/1452/333 710/1453/312 768/1454/312 770/1455/333
f 815/1456/334 816/1457/335 791/1458/335 792/1459/334
f 685/1460/181 686/1461/181 853/1462/181 851/1463/181 672/1464/181 673/1465/181 675/1466/181 670/1467/181 639/1468/181 642/1469/181 643/1470/181 645/1471/181 640/1472/181 654/1473/181 656/1474/181 658/1475/181 660/1476/181 655/1477/181 682/1478/181 684/1479/181
f 634/1480/180 631/1481/180 688/1482/180 687/1483/180
f 635/1484/180 634/1480/180 687/1483/180 689/1485/180
f 637/1486/180 635/1484/180 689/1485/180 690/1487/180
f 633/1488/180 637/1486/180 690/1487/180 691/1489/180
f 647/1490/180 652/1491/180 693/1492/180 692/1493/180
f 652/1491/180 651/1494/180 694/1495/180 693/1492/180
f 651/1494/180 649/1496/180 695/1497/180 694/1495/180
f 649/1496/180 646/1498/336 696/1499/337 695/1497/180
f 631/1481/180 647/1490/180 692/1493/180 688/1482/180
f 662/1500/180 667/1501/180 698/1502/180 852/1503/180
f 667/1501/180 666/1504/180 699/1505/180 698/1502/180
f 666/1504/180 664/1506/180 700/1507/180 699/1505/180
f 664/1506/180 661/1508/180 701/1509/180 700/1507/180
f 661/1508/180 633/1488/180 691/1489/180 701/1509/180
f 679/1510/180 676/1511/180 854/1512/180 702/1513/180
f 680/1514/180 679/1510/180 702/1513/180 704/1515/180
f 681/1516/338 680/1514/180 704/1515/180 705/1517/339
f 677/1518/340 681/1516/338 705/1517/339 706/1519/341
f 676/1511/180 662/1500/180 852/1503/180 854/1512/180
f 646/1498/336 677/1518/340 706/1519/341 696/1499/337
f 708/1520/342 709/1521/342 710/1453/312 707/1397/312
f 707/1397/312 710/1453/312 712/1452/333 711/1398/313
f 711/1390/313 712/1522/333 714/1523/343 713/1524/344
f 713/1524/344 714/1523/343 716/1525/345 715/1526/346
f 718/1417/323 719/1527/323 720/1528/324 717/1418/324
f 717/1418/324 720/1528/324 722/1529/305 721/1530/327
f 721/1433/327 722/1390/305 724/1389/304 723/1434/328
f 723/1434/328 724/1389/304 726/1531/347 725/1532/348
f 719/1527/323 718/1417/323 709/1521/342 708/1520/342
f 727/1533/349 715/1526/346 716/1525/345 728/1534/349
f 729/1535/350 725/1532/348 726/1531/347 730/1536/350
f 709/1521/342 718/1417/323 774/1420/323 775/1537/342
f 655/1538/351 660/1539/352 763/1540/352 755/1541/353
f 719/1527/323 708/1520/342 744/1542/342 748/1543/323
f 729/1544/227 682/1545/227 776/1546/227 778/1547/227
f 643/1548/329 642/1405/317 764/1408/317 761/1549/329
f 687/1550/322 688/1551/321 732/1552/321 731/1553/322
f 670/1554/227 701/1555/354 727/1556/354 728/1544/227
f 706/1557/355 682/1545/227 729/1544/227 730/1558/355
f 696/1394/309 706/1559/177 742/1560/177 740/1395/310
f 716/1525/345 714/1523/343 777/1561/343 771/1562/356
f 730/1536/350 726/1531/347 752/1563/357 754/1564/350
f 690/1386/301 689/1565/358 733/1566/359 734/1387/302
f 722/1529/305 720/1528/324 749/1567/324 750/1568/306
f 736/1569/180 737/1570/180 749/1571/180 748/1572/180
f 731/1573/180 732/1574/180 744/1575/180 743/1576/180
f 740/1577/360 742/1578/360 754/1579/360 752/1580/360
f 734/1581/361 733/1582/362 745/1583/363 746/1584/364
f 738/1585/365 739/1586/366 751/1587/367 750/1588/368
f 739/1586/366 740/1577/360 752/1580/360 751/1587/367
f 735/1589/360 734/1581/361 746/1584/364 747/1590/360
f 737/1570/180 738/1585/365 750/1588/368 749/1571/180
f 732/1574/180 736/1569/180 748/1572/180 744/1575/180
f 741/1591/360 735/1589/360 747/1590/360 753/1592/360
f 733/1582/362 731/1573/180 743/1576/180 745/1583/363
f 715/1526/346 727/1533/349 753/1593/349 747/1594/369
f 693/1402/316 694/1595/370 738/1596/371 737/1403/316
f 711/1390/313 713/1524/344 746/1597/372 745/1598/314
f 708/1520/342 707/1397/312 743/1400/312 744/1542/342
f 688/1551/321 692/1401/315 736/1404/315 732/1552/321
f 720/1528/324 719/1527/323 748/1543/323 749/1567/324
f 689/1599/358 687/1550/322 731/1553/322 733/1600/359
f 701/1601/178 691/1385/300 735/1388/303 741/1602/178
f 726/1531/347 724/1389/304 751/1392/307 752/1563/357
f 706/1557/355 730/1558/355 754/1603/373 742/1604/373
f 694/1605/370 695/1393/308 739/1396/311 738/1606/371
f 727/1556/354 701/1555/354 741/1607/374 753/1603/374
f 713/1524/344 715/1526/346 747/1594/369 746/1597/372
f 776/1608/375 755/1609/376 756/1610/377 778/1611/375
f 760/1612/181 769/1613/181 774/1614/181 759/1615/181
f 763/1616/181 765/1617/181 766/1618/181 762/1619/181
f 758/1620/181 761/1621/181 770/1622/181 768/1623/181
f 767/1624/378 772/1625/379 773/1626/379 771/1627/380
f 769/1613/181 757/1628/181 775/1629/181 774/1614/181
f 761/1621/181 764/1630/181 777/1631/181 770/1622/181
f 755/1609/376 763/1616/181 762/1619/181 756/1610/377
f 757/1628/181 758/1620/181 768/1623/181 775/1629/181
f 765/1617/181 760/1612/181 759/1615/181 766/1618/181
f 764/1630/181 767/1624/378 771/1627/380 777/1631/181
f 728/1534/349 716/1525/345 771/1562/356 773/1632/349
f 670/1554/227 728/1544/227 773/1547/227 772/1633/227
f 714/1523/343 712/1522/333 770/1634/333 777/1561/343
f 723/1434/328 725/1532/348 756/1635/381 762/1435/328
f 654/1636/315 640/1413/321 757/1416/321 769/1637/315
f 645/1414/322 643/1638/329 761/1639/329 758/1415/322
f 639/1406/318 670/1640/178 772/1641/178 767/1407/319
f 660/1539/352 658/1642/320 765/1643/320 763/1540/352
f 656/1410/316 654/1636/315 769/1637/315 760/1411/316
f 710/1453/312 709/1521/342 775/1537/342 768/1454/312
f 717/1418/324 721/1530/327 766/1644/327 759/1419/324
f 725/1532/348 729/1535/350 778/1645/350 756/1635/381
f 682/1646/177 655/1538/351 755/1541/353 776/1647/177
f 788/1648/180 787/1649/180 786/1650/180 785/1651/180 784/1652/180 780/1653/180 779/1654/180 807/1655/180 808/1656/180 810/1657/180 809/1658/180 813/1659/180 814/1660/180 802/1661/180 803/1662/180 801/1663/180 804/1664/180 800/1665/180 799/1666/180 812/1667/180 789/1668/180 795/1669/180 794/1670/180 796/1671/180 797/1672/180 798/1673/180
f 793/1674/180 792/1675/180 791/1676/180 790/1677/180 789/1668/180 812/1667/180 811/1678/180 805/1679/180 806/1680/180 807/1655/180 779/1654/180 781/1681/180 782/1682/180 783/1683/180
f 817/1684/382 818/1685/383 784/1686/383 785/1687/382
f 819/1688/384 820/1689/385 788/1690/385 798/1691/384
f 821/1692/386 815/1693/334 792/1694/334 793/1695/386
f 822/1696/387 817/1684/382 785/1687/382 786/1697/387
f 823/1698/388 821/1692/386 793/1695/386 783/1699/388
f 824/1700/389 822/1696/387 786/1697/387 787/1701/389
f 825/1702/390 826/1703/391 794/1704/391 795/1705/390
f 820/1689/385 824/1706/389 787/1707/389 788/1690/385
f 827/1708/392 828/1709/393 779/1710/393 780/1711/392
f 826/1703/391 829/1712/394 796/1713/394 794/1704/391
f 818/1685/383 827/1708/392 780/1711/392 784/1686/383
f 828/1709/393 830/1714/395 781/1715/395 779/1710/393
f 829/1712/394 831/1716/396 797/1717/396 796/1713/394
f 832/1718/397 833/1719/398 789/1720/398 790/1721/397
f 830/1714/395 834/1722/399 782/1723/399 781/1715/395
f 831/1724/396 819/1688/384 798/1691/384 797/1725/396
f 816/1457/335 832/1718/397 790/1721/397 791/1458/335
f 834/1726/399 823/1698/388 783/1699/388 782/1727/399
f 833/1719/398 825/1702/390 795/1705/390 789/1720/398
f 835/1728/400 836/1729/177 802/1730/177 814/1731/400
f 837/1732/401 835/1728/400 814/1731/400 813/1733/401
f 838/1734/402 837/1735/401 813/1736/401 809/1737/402
f 839/1738/227 838/1734/402 809/1737/402 810/1739/227
f 840/1740/403 839/1738/227 810/1739/227 808/1741/403
f 841/1742/404 840/1740/403 808/1741/403 807/1743/404
f 842/1744/405 841/1745/404 807/1746/404 806/1747/405
f 843/1748/178 842/1744/405 806/1747/405 805/1749/178
f 844/1750/406 843/1748/178 805/1749/178 811/1751/406
f 845/1752/407 844/1750/406 811/1751/406 812/1753/407
f 846/1754/408 845/1755/407 812/1756/407 799/1757/408
f 847/1758/182 846/1754/408 799/1757/408 800/1759/182
f 848/1760/409 847/1758/182 800/1759/182 804/1761/409
f 849/1762/410 848/1760/409 804/1761/409 801/1763/410
f 632/1764/180 636/1765/180 638/1766/180 641/1767/180 644/1768/180 648/1769/180 650/1770/180 653/1771/180 657/1772/180 659/1773/180 663/1774/180 665/1775/180 668/1776/180 671/1777/180 674/1778/180 678/1779/180
f 850/1780/411 849/1781/410 801/1782/410 803/1783/411
f 836/1729/177 850/1780/411 803/1783/411 802/1730/177
f 662/1784/398 676/1785/390 825/1702/390 833/1719/398
f 637/1786/399 633/1787/388 823/1698/388 834/1726/399
f 666/1788/335 667/1789/397 832/1718/397 816/1457/335
f 681/1790/396 677/1791/384 819/1688/384 831/1724/396
f 635/1792/395 637/1793/399 834/1722/399 830/1714/395
f 667/1789/397 662/1784/398 833/1719/398 832/1718/397
f 680/1794/394 681/1723/396 831/1716/396 829/1712/394
f 634/1795/393 635/1792/395 830/1714/395 828/1709/393
f 647/1796/383 631/1797/392 827/1708/392 818/1685/383
f 679/1798/391 680/1794/394 829/1712/394 826/1703/391
f 631/1797/392 634/1795/393 828/1709/393 827/1708/392
f 646/1799/385 649/1800/389 824/1706/389 820/1689/385
f 676/1785/390 679/1798/391 826/1703/391 825/1702/390
f 649/1801/389 651/1802/387 822/1696/387 824/1700/389
f 633/1787/388 661/1803/386 821/1692/386 823/1698/388
f 651/1802/387 652/1804/382 817/1684/382 822/1696/387
f 661/1803/386 664/1805/334 815/1693/334 821/1692/386
f 677/1791/384 646/1799/385 820/1689/385 819/1688/384
f 652/1804/382 647/1796/383 818/1685/383 817/1684/382
f 664/1701/334 666/1788/335 816/1457/335 815/1456/334
f 632/1806/177 678/1807/411 850/1780/411 836/1729/177
f 678/1807/411 674/1808/410 849/1781/410 850/1780/411
f 674/1809/410 671/1810/409 848/1760/409 849/1762/410
f 671/1810/409 668/1811/182 847/1758/182 848/1760/409
f 668/1811/182 665/1812/408 846/1754/408 847/1758/182
f 665/1812/408 663/1813/407 845/1755/407 846/1754/408
f 663/1814/407 659/1815/406 844/1750/406 845/1752/407
f 659/1815/406 657/1816/178 843/1748/178 844/1750/406
f 657/1816/178 653/1817/405 842/1744/405 843/1748/178
f 653/1817/405 650/1818/404 841/1745/404 842/1744/405
f 650/1819/404 648/1820/403 840/1740/403 841/1742/404
f 648/1820/403 644/1821/227 839/1738/227 840/1740/403
f 644/1821/227 641/1822/402 838/1734/402 839/1738/227
f 641/1822/402 638/1823/401 837/1735/401 838/1734/402
f 638/1824/401 636/1825/400 835/1728/400 837/1732/401
f 636/1825/400 632/1806/177 836/1729/177 835/1728/400
f 669/1827/227 697/1828/227 852/1422/315 851/1421/315
f 703/1829/227 683/1830/227 853/1438/321 854/1437/321
f 683/1830/227 669/1827/227 851/1421/315 853/1438/321
f 697/1828/227 703/1829/227 854/1437/321 852/1422/315
f 857/1831/227 858/1832/227 856/1833/227 855/1834/227
f 697/1835/177 669/1836/177 855/1837/177 856/1838/177
f 703/1839/180 697/1840/180 856/1841/180 858/1842/180
f 683/1843/178 703/1844/178 858/1845/178 857/1846/178
o vent
v -2.500000 2.450000 2.000000
v -2.500000 2.250000 2.000000
v -2.464000 2.436926 2.015553
v -2.464000 2.263074 2.015553
v -2.500000 2.450000 2.400000
v -2.500000 2.250000 2.400000
v -2.464000 2.436926 2.384447
v -2.464000 2.263074 2.384447
v -2.464000 2.250000 2.400000
v -2.464000 2.450000 2.400000
v -2.464000 2.450000 2.000000
v -2.464000 2.250000 2.000000
v -2.495619 2.263074 2.384447
v -2.495619 2.436926 2.384447
v -2.495619 2.436926 2.015553
v -2.495619 2.263074 2.015553
v -2.470340 2.265203 2.386691
v -2.470146 2.267083 2.386691
v -2.473854 2.267647 2.386691
v -2.473660 2.269527 2.386691
v -2.470340 2.265203 2.013309
v -2.470146 2.267083 2.013309
v -2.473854 2.267647 2.013309
v -2.473660 2.269527 2.013309
v -2.470340 2.383253 2.386691
v -2.470146 2.385133 2.386691
v -2.473854 2.385697 2.386691
v -2.473660 2.387577 2.386691
v -2.470340 2.383253 2.013309
v -2.470146 2.385133 2.013309
v -2.473854 2.385697 2.013309
v -2.473660 2.387577 2.013309
v -2.470340 2.430473 2.386691
v -2.470146 2.432353 2.386691
v -2.473854 2.432917 2.386691
v -2.473660 2.434797 2.386691
v -2.470340 2.430473 2.013309
v -2.470146 2.432353 2.013309
v -2.473854 2.432917 2.013309
v -2.473660 2.434797 2.013309
v -2.470340 2.406863 2.386691
v -2.470146 2.408743 2.386691
v -2.473854 2.409307 2.386691
v -2.473660 2.411187 2.386691
v -2.470340 2.406863 2.013309
v -2.470146 2.408743 2.013309
v -2.473854 2.409307 2.013309
v -2.473660 2.411187 2.013309
v -2.470340 2.418668 2.386691
v -2.470146 2.420548 2.386691
v -2.473854 2.421112 2.386691
v -2.473660 2.422992 2.386691
v -2.470340 2.418668 2.013309
v -2.470146 2.420548 2.013309
v -2.473854 2.421112 2.013309
v -2.473660 2.422992 2.013309
v -2.470340 2.277008 2.386691
v -2.470146 2.278888 2.386691
v -2.473854 2.279452 2.386691
v -2.473660 2.281332 2.386691
v -2.470340 2.277008 2.013309
v -2.470146 2.278888 2.013309
v -2.473854 2.279452 2.013309
v -2.473660 2.281332 2.013309
v -2.470340 2.395058 2.386691
v -2.470146 2.396938 2.386691
v -2.473854 2.397502 2.386691
v -2.473660 2.399382 2.386691
v -2.470340 2.395058 2.013309
v -2.470146 2.396938 2.013309
v -2.473854 2.397502 2.013309
v -2.473660 2.399382 2.013309
v -2.470340 2.371448 2.386691
v -2.470146 2.373328 2.386691
v -2.473854 2.373892 2.386691
v -2.473660 2.375772 2.386691
v -2.470340 2.371448 2.013309
v -2.470146 2.373328 2.013309
v -2.473854 2.373892 2.013309
v -2.473660 2.375772 2.013309
v -2.470340 2.359643 2.386691
v -2.470146 2.361523 2.386691
v -2.473854 2.362087 2.386691
v -2.473660 2.363967 2.386691
v -2.470340 2.359643 2.013309
v -2.470146 2.361523 2.013309
v -2.473854 2.362087 2.013309
v -2.473660 2.363967 2.013309
v -2.470340 2.347838 2.386691
v -2.470146 2.349718 2.386691
v -2.473854 2.350282 2.386691
v -2.473660 2.352162 2.386691
v -2.470340 2.347838 2.013309
v -2.470146 2.349718 2.013309
v -2.473854 2.350282 2.013309
v -2.473660 2.352162 2.013309
v -2.470340 2.336033 2.386691
v -2.470146 2.337913 2.386691
v -2.473854 2.338477 2.386691
v -2.473660 2.340357 2.386691
v -2.470340 2.336033 2.013309
v -2.470146 2.337913 2.013309
v -2.473854 2.338477 2.013309
v -2.473660 2.340357 2.013309
v -2.470340 2.324228 2.386691
v -2.470146 2.326108 2.386691
v -2.473854 2.326672 2.386691
v -2.473660 2.328552 2.386691
v -2.470340 2.324228 2.013309
v -2.470146 2.326108 2.013309
v -2.473854 2.326672 2.013309
v -2.473660 2.328552 2.013309
v -2.470340 2.312423 2.386691
v -2.470146 2.314303 2.386691
v -2.473854 2.314867 2.386691
v -2.473660 2.316747 2.386691
v -2.470340 2.312423 2.013309
v -2.470146 2.314303 2.013309
v -2.473854 2.314867 2.013309
v -2.473660 2.316747 2.013309
v -2.470340 2.300618 2.386691
v -2.470146 2.302498 2.386691
v -2.473854 2.303062 2.386691
v -2.473660 2.304942 2.386691
v -2.470340 2.300618 2.013309
v -2.470146 2.302498 2.013309
v -2.473854 2.303062 2.013309
v -2.473660 2.304942 2.013309
v -2.470340 2.288813 2.386691
v -2.470146 2.290693 2.386691
v -2.473854 2.291257 2.386691
v -2.473660 2.293137 2.386691
v -2.470340 2.288813 2.013309
v -2.470146 2.290693 2.013309
v -2.473854 2.291257 2.013309
v -2.473660 2.293137 2.013309
vn -0.0000 1.0000 -0.0000
vn -0.0000 -1.0000 -0.0000
vn -0.0000 -0.0000 1.0000
vn -0.0000 -0.0000 -1.0000
vn -1.0000 -0.0000 -0.0000
vn 1.0000 -0.0000 -0.0000
vn -0.9947 0.1027 -0.0000
vn 0.9947 -0.1027 -0.0000
vn -0.5711 -0.8209 -0.0000
vn 0.5711 0.8209 -0.0000
vt 0.754360 0.624918
vt 0.754360 0.759603
vt 0.742238 0.759603
vt 0.742238 0.624918
vt 0.766482 0.749129
vt 0.766482 0.624918
vt 0.777128 0.624918
vt 0.777128 0.749129
vt 0.696570 0.817937
vt 0.696570 0.750594
vt 0.708691 0.750594
vt 0.708691 0.817937
vt 0.766482 0.759603
vt 0.720813 0.750594
vt 0.720813 0.817937
vt 0.683874 0.759603
vt 0.616845 0.759603
vt 0.616845 0.624918
vt 0.683874 0.624918
vt 0.681303 0.767851
vt 0.622939 0.767851
vt 0.618550 0.762614
vt 0.685692 0.762614
vt 0.622939 0.892062
vt 0.681303 0.892062
vt 0.685692 0.897299
vt 0.618550 0.897299
vt 0.742238 0.749129
vt 0.683874 0.749129
vt 0.731459 0.750594
vt 0.731459 0.809132
vt 0.720813 0.809132
vt 0.777128 0.624918
vt 0.787775 0.624918
vt 0.787775 0.749129
vt 0.742106 0.750594
vt 0.742106 0.809132
vt 0.744694 0.769195
vt 0.745002 0.768638
vt 0.746443 0.768638
vt 0.746135 0.769195
vt 0.760950 0.886814
vt 0.760313 0.886814
vt 0.760313 0.761092
vt 0.760950 0.761092
vt 0.746135 0.771423
vt 0.746443 0.771980
vt 0.745002 0.771980
vt 0.744694 0.771423
vt 0.798333 0.876363
vt 0.797696 0.876363
vt 0.797696 0.750641
vt 0.798333 0.750641
vt 0.788545 0.752547
vt 0.788545 0.878269
vt 0.787362 0.878269
vt 0.787362 0.752547
vt 0.788958 0.624918
vt 0.788958 0.750641
vt 0.787775 0.750641
vt 0.744694 0.765296
vt 0.745002 0.764739
vt 0.746443 0.764739
vt 0.746135 0.765296
vt 0.781446 0.878269
vt 0.780810 0.878269
vt 0.780810 0.752547
vt 0.781446 0.752547
vt 0.746135 0.766967
vt 0.746443 0.767524
vt 0.745002 0.767524
vt 0.744694 0.766967
vt 0.792606 0.876363
vt 0.791970 0.876363
vt 0.791970 0.750641
vt 0.792606 0.750641
vt 0.769618 0.752547
vt 0.769618 0.878269
vt 0.768435 0.878269
vt 0.768435 0.752547
vt 0.790141 0.624918
vt 0.790141 0.750641
vt 0.744694 0.776994
vt 0.745002 0.776436
vt 0.746443 0.776436
vt 0.746135 0.776994
vt 0.800241 0.750641
vt 0.799605 0.750641
vt 0.799605 0.624918
vt 0.800241 0.624918
vt 0.746135 0.764182
vt 0.744694 0.764182
vt 0.796424 0.876363
vt 0.795787 0.876363
vt 0.795787 0.750641
vt 0.796424 0.750641
vt 0.775532 0.752547
vt 0.775532 0.878269
vt 0.774349 0.878269
vt 0.774349 0.752547
vt 0.791324 0.624918
vt 0.791324 0.750641
vt 0.744694 0.776436
vt 0.745002 0.775879
vt 0.746443 0.775879
vt 0.746135 0.776436
vt 0.755400 0.886814
vt 0.754764 0.886814
vt 0.754764 0.761092
vt 0.755400 0.761092
vt 0.746135 0.775322
vt 0.746443 0.775879
vt 0.745002 0.775879
vt 0.744694 0.775322
vt 0.795787 0.876363
vt 0.795151 0.876363
vt 0.795151 0.750641
vt 0.773166 0.878269
vt 0.773166 0.752547
vt 0.792507 0.624918
vt 0.792507 0.750641
vt 0.745002 0.774765
vt 0.746443 0.774765
vt 0.762859 0.886814
vt 0.762223 0.886814
vt 0.762223 0.761092
vt 0.762859 0.761092
vt 0.746135 0.774208
vt 0.746443 0.774765
vt 0.744694 0.774208
vt 0.800878 0.876363
vt 0.800242 0.876363
vt 0.800242 0.750641
vt 0.800878 0.750641
vt 0.773166 0.878269
vt 0.771983 0.878269
vt 0.771983 0.752547
vt 0.793690 0.624918
vt 0.793690 0.750641
vt 0.745002 0.770866
vt 0.746443 0.770866
vt 0.759677 0.886814
vt 0.759677 0.761092
vt 0.746135 0.770309
vt 0.744694 0.770309
vt 0.799605 0.876363
vt 0.798969 0.876363
vt 0.798969 0.750641
vt 0.770800 0.878269
vt 0.770800 0.752547
vt 0.794873 0.624918
vt 0.794873 0.750641
vt 0.744694 0.780336
vt 0.745002 0.779779
vt 0.746443 0.779779
vt 0.746135 0.780336
vt 0.770254 0.878269
vt 0.770254 0.752547
vt 0.746443 0.780893
vt 0.745002 0.780893
vt 0.794515 0.876363
vt 0.794515 0.750641
vt 0.786179 0.878269
vt 0.786179 0.752547
vt 0.796056 0.624918
vt 0.796056 0.750641
vt 0.745002 0.766410
vt 0.746443 0.766410
vt 0.757946 0.886814
vt 0.757309 0.886814
vt 0.757309 0.761092
vt 0.757946 0.761092
vt 0.746135 0.765853
vt 0.746443 0.766410
vt 0.744694 0.765853
vt 0.793242 0.876363
vt 0.792606 0.750641
vt 0.793242 0.750641
vt 0.784996 0.878269
vt 0.784996 0.752547
vt 0.797239 0.624918
vt 0.797239 0.750641
vt 0.745002 0.765296
vt 0.746443 0.765296
vt 0.761586 0.886814
vt 0.761586 0.761092
vt 0.746135 0.773651
vt 0.746443 0.774208
vt 0.745002 0.774208
vt 0.744694 0.773651
vt 0.793879 0.876363
vt 0.793879 0.750641
vt 0.794515 0.750641
vt 0.783812 0.878269
vt 0.783812 0.752547
vt 0.798422 0.624918
vt 0.798422 0.750641
vt 0.744694 0.779779
vt 0.745002 0.779222
vt 0.746443 0.779222
vt 0.746135 0.779779
vt 0.756037 0.886814
vt 0.755400 0.886814
vt 0.755400 0.761092
vt 0.756037 0.761092
vt 0.746135 0.768081
vt 0.744694 0.768081
vt 0.800242 0.624918
vt 0.800878 0.624918
vt 0.782629 0.878269
vt 0.782629 0.752547
vt 0.745002 0.773094
vt 0.746443 0.773094
vt 0.758582 0.886814
vt 0.757946 0.761092
vt 0.758582 0.761092
vt 0.746135 0.772537
vt 0.744694 0.772537
vt 0.797060 0.876363
vt 0.797060 0.750641
vt 0.789728 0.752547
vt 0.789728 0.878269
vt 0.788545 0.752547
vt 0.744694 0.769752
vt 0.745002 0.769195
vt 0.746443 0.769195
vt 0.746135 0.769752
vt 0.761586 0.886814
vt 0.761586 0.761092
vt 0.746135 0.778108
vt 0.746443 0.778665
vt 0.745002 0.778665
vt 0.744694 0.778108
vt 0.753581 0.886814
vt 0.753581 0.761092
vt 0.780264 0.752547
vt 0.780264 0.878269
vt 0.779081 0.878269
vt 0.779081 0.752547
vt 0.745002 0.777550
vt 0.746443 0.777550
vt 0.759219 0.886814
vt 0.759219 0.761092
vt 0.746135 0.767524
vt 0.746443 0.768081
vt 0.745002 0.768081
vt 0.744694 0.767524
vt 0.800241 0.876363
vt 0.800241 0.750641
vt 0.766408 0.761092
vt 0.766408 0.886814
vt 0.765225 0.886814
vt 0.765225 0.761092
vt 0.777898 0.878269
vt 0.777898 0.752547
vt 0.744694 0.779222
vt 0.745002 0.778665
vt 0.746443 0.778665
vt 0.746135 0.779222
vt 0.756673 0.886814
vt 0.756673 0.761092
vt 0.797060 0.876363
vt 0.764042 0.886814
vt 0.764042 0.761092
vt 0.776715 0.878269
vt 0.776715 0.752547
vt 0.746443 0.770309
vt 0.745002 0.770309
vt 0.798969 0.750641
s 0
usemtl texture_3
f 859/1867/412 863/1868/412 868/1869/412 869/1870/412
f 861/1871/413 865/1872/413 872/1873/413 873/1874/413
f 867/1875/414 868/1876/414 863/1877/414 864/1878/414
f 864/1872/413 860/1879/413 870/1868/413 867/1867/413
f 860/1878/415 859/1877/415 869/1880/415 870/1881/415
f 864/1882/416 863/1883/416 859/1884/416 860/1885/416
f 866/1886/417 865/1887/417 868/1888/417 867/1889/417
f 861/1890/417 862/1891/417 870/1892/417 869/1893/417
f 865/1887/417 861/1890/417 869/1893/417 868/1888/417
f 862/1891/417 866/1886/417 867/1889/417 870/1892/417
f 874/1894/417 873/1895/417 872/1885/417 871/1870/417
f 865/1896/415 866/1897/415 871/1898/415 872/1880/415
f 866/1874/412 862/1899/412 874/1900/412 871/1901/412
f 862/1897/414 861/1896/414 873/1902/414 874/1903/414
f 875/1904/414 876/1905/414 878/1906/414 877/1907/414
f 877/1908/418 878/1909/418 882/1910/418 881/1911/418
f 881/1912/415 882/1913/415 880/1914/415 879/1915/415
f 879/1916/419 880/1917/419 876/1918/419 875/1919/419
f 877/1920/420 881/1921/420 879/1922/420 875/1923/420
f 882/1924/421 878/1925/421 876/1926/421 880/1900/421
f 883/1927/414 884/1928/414 886/1929/414 885/1930/414
f 885/1931/418 886/1932/418 890/1933/418 889/1934/418
f 889/1935/415 890/1936/415 888/1937/415 887/1938/415
f 887/1939/419 888/1940/419 884/1941/419 883/1942/419
f 885/1943/420 889/1944/420 887/1945/420 883/1946/420
f 890/1947/421 886/1948/421 884/1925/421 888/1924/421
f 891/1949/414 892/1950/414 894/1951/414 893/1952/414
f 893/1953/418 894/1954/418 898/1955/418 897/1956/418
f 897/1957/415 898/1929/415 896/1928/415 895/1958/415
f 895/1959/419 896/1960/419 892/1961/419 891/1962/419
f 893/1963/420 897/1964/420 895/1965/420 891/1966/420
f 898/1967/421 894/1968/421 892/1948/421 896/1947/421
f 899/1969/414 900/1970/414 902/1971/414 901/1972/414
f 901/1973/418 902/1974/418 906/1975/418 905/1976/418
f 905/1977/415 906/1978/415 904/1979/415 903/1980/415
f 903/1981/419 904/1982/419 900/1983/419 899/1961/419
f 901/1966/420 905/1965/420 903/1984/420 899/1985/420
f 906/1986/421 902/1987/421 900/1968/421 904/1967/421
f 907/1980/414 908/1988/414 910/1989/414 909/1977/414
f 909/1990/418 910/1991/418 914/1992/418 913/1993/418
f 913/1994/415 914/1995/415 912/1988/415 911/1996/415
f 911/1997/419 912/1998/419 908/1999/419 907/2000/419
f 909/1985/420 913/2001/420 911/2002/420 907/2003/420
f 914/2004/421 910/2005/421 908/1987/421 912/1986/421
f 915/1915/414 916/2006/414 918/2007/414 917/1912/414
f 917/1909/418 918/2008/418 922/2009/418 921/1910/418
f 921/2010/415 922/2007/415 920/2006/415 919/2011/415
f 919/2012/419 920/2013/419 916/2014/419 915/1954/419
f 917/2003/420 921/2002/420 919/2015/420 915/2016/420
f 922/2017/421 918/2018/421 916/2005/421 920/2004/421
f 923/2019/414 924/2020/414 926/2021/414 925/2022/414
f 925/2023/418 926/1944/418 930/1943/418 929/2024/418
f 929/2022/415 930/2025/415 928/2026/415 927/2019/415
f 927/1982/419 928/2027/419 924/2028/419 923/1983/419
f 925/1923/420 929/1922/420 927/2029/420 923/2030/420
f 930/2031/421 926/2032/421 924/2018/421 928/2017/421
f 931/1938/414 932/2033/414 934/2034/414 933/1935/414
f 933/2035/418 934/2036/418 938/2037/418 937/2038/418
f 937/2039/415 938/2040/415 936/2033/415 935/2041/415
f 935/2042/419 936/1939/419 932/2043/419 931/2044/419
f 933/2030/420 937/2029/420 935/2045/420 931/2046/420
f 938/2047/421 934/2048/421 932/2032/421 936/2031/421
f 939/2041/414 940/2049/414 942/2050/414 941/2039/414
f 941/1991/418 942/2051/418 946/2052/418 945/1992/418
f 945/2053/415 946/2054/415 944/2055/415 943/2056/415
f 943/2027/419 944/2057/419 940/2058/419 939/2059/419
f 941/2046/420 945/2045/420 943/2060/420 939/2061/420
f 946/2062/421 942/2063/421 940/2048/421 944/2047/421
f 947/2064/414 948/2065/414 950/2066/414 949/2067/414
f 949/2068/418 950/2069/418 954/2070/418 953/2071/418
f 953/2072/415 954/1906/415 952/1905/415 951/2073/415
f 951/2000/419 952/1999/419 948/2074/419 947/2075/419
f 949/2061/420 953/2060/420 951/2076/420 947/2077/420
f 954/1955/421 950/1954/421 948/2063/421 952/2062/421
f 955/2056/414 956/2078/414 958/2079/414 957/2053/414
f 957/2080/418 958/2035/418 962/2081/418 961/2082/418
f 961/2083/415 962/2079/415 960/2078/415 959/2084/415
f 959/1917/419 960/2085/419 956/2086/419 955/1918/419
f 957/2077/420 961/2076/420 959/1931/420 955/1934/420
f 962/2087/421 958/2088/421 956/1921/421 960/2089/421
f 963/2090/414 964/2091/414 966/2092/414 965/2093/414
f 965/2094/418 966/1908/418 970/1911/418 969/2095/418
f 969/2096/415 970/2097/415 968/2098/415 967/2099/415
f 967/2057/419 968/2042/419 964/2044/419 963/2058/419
f 965/1975/420 969/1974/420 967/2100/420 963/2101/420
f 970/2102/421 966/2103/421 964/2104/421 968/2105/421
f 971/2099/414 972/2106/414 974/2107/414 973/2096/414
f 973/2108/418 974/2080/418 978/2082/418 977/2109/418
f 977/2110/415 978/2111/415 976/2112/415 975/2113/415
f 975/2114/419 976/2012/419 972/1954/419 971/2115/419
f 973/2116/420 977/2117/420 975/2118/420 971/2119/420
f 978/2105/421 974/2104/421 972/2120/421 976/2121/421
f 979/2122/414 980/2123/414 982/2124/414 981/2125/414
f 981/2126/418 982/2068/418 986/2071/418 985/2127/418
f 985/1952/415 986/2107/415 984/2106/415 983/1949/415
f 983/2128/419 984/1959/419 980/1962/419 979/2086/419
f 981/2119/420 985/2118/420 983/2129/420 979/2130/420
f 986/2121/421 982/2120/421 980/2131/421 984/2132/421
f 987/2084/414 988/1914/414 990/1913/414 989/2083/414
f 989/2036/418 990/2126/418 994/2127/418 993/2037/418
f 993/2093/415 994/2133/415 992/2134/415 991/2090/415
f 991/2013/419 992/1916/419 988/1919/419 987/2135/419
f 989/2130/420 993/2129/420 991/1990/420 987/1993/420
f 994/2132/421 990/2131/421 988/1964/421 992/1963/421
o trashcan
v 2.265065 0.032666 -2.400526
v 2.265065 0.031846 -2.404908
v 2.265065 0.483188 -2.482965
v 2.265065 0.482369 -2.487347
v 2.362772 0.032666 -2.360054
v 2.365871 0.031846 -2.363153
v 2.421066 0.483188 -2.418348
v 2.424164 0.482369 -2.421446
v 2.403244 0.032666 -2.262347
v 2.407626 0.031846 -2.262347
v 2.485683 0.483188 -2.262347
v 2.490065 0.482369 -2.262347
v 2.362772 0.032666 -2.164640
v 2.365871 0.031846 -2.161541
v 2.421066 0.483188 -2.106346
v 2.424164 0.482369 -2.103248
v 2.265065 0.032666 -2.124168
v 2.265065 0.031846 -2.119786
v 2.265065 0.483188 -2.041729
v 2.265065 0.482369 -2.037347
v 2.167358 0.032666 -2.164640
v 2.164260 0.031846 -2.161541
v 2.109065 0.483188 -2.106346
v 2.105966 0.482369 -2.103248
v 2.126886 0.032666 -2.262347
v 2.122504 0.031846 -2.262347
v 2.044447 0.483188 -2.262347
v 2.040065 0.482369 -2.262347
v 2.167358 0.032666 -2.360054
v 2.164260 0.031846 -2.363153
v 2.109065 0.483188 -2.418348
v 2.105966 0.482369 -2.421446
v 2.265065 0.145297 -2.421136
v 2.265065 0.144477 -2.425518
v 2.265065 0.257927 -2.441746
v 2.265065 0.257108 -2.446127
v 2.265065 0.370558 -2.462355
v 2.265065 0.369738 -2.466737
v 2.406492 0.370558 -2.403774
v 2.409591 0.369738 -2.406873
v 2.391919 0.257927 -2.389201
v 2.395017 0.257108 -2.392299
v 2.377346 0.145297 -2.374628
v 2.380444 0.144477 -2.377726
v 2.465074 0.370558 -2.262347
v 2.469455 0.369738 -2.262347
v 2.444464 0.257927 -2.262347
v 2.448845 0.257108 -2.262347
v 2.423854 0.145297 -2.262347
v 2.428236 0.144477 -2.262347
v 2.406492 0.370558 -2.120920
v 2.409591 0.369738 -2.117821
v 2.391919 0.257927 -2.135493
v 2.395017 0.257108 -2.132395
v 2.377346 0.145297 -2.150066
v 2.380444 0.144477 -2.146968
v 2.265065 0.370558 -2.062339
v 2.265065 0.369738 -2.057957
v 2.265065 0.257927 -2.082948
v 2.265065 0.257108 -2.078567
v 2.265065 0.145297 -2.103558
v 2.265065 0.144477 -2.099176
v 2.123638 0.370558 -2.120920
v 2.120540 0.369738 -2.117821
v 2.138211 0.257927 -2.135493
v 2.135113 0.257108 -2.132395
v 2.152785 0.145297 -2.150066
v 2.149686 0.144477 -2.146968
v 2.065057 0.370558 -2.262347
v 2.060675 0.369738 -2.262347
v 2.085667 0.257927 -2.262347
v 2.081285 0.257108 -2.262347
v 2.106277 0.145297 -2.262347
v 2.101895 0.144477 -2.262347
v 2.123638 0.370558 -2.403774
v 2.120540 0.369738 -2.406873
v 2.138211 0.257927 -2.389201
v 2.135113 0.257108 -2.392299
v 2.152785 0.145297 -2.374628
v 2.149686 0.144477 -2.377726
v 2.267129 0.372368 -2.464098
v 2.267129 0.480558 -2.483895
v 2.265065 0.485000 -2.485563
v 2.422902 0.485000 -2.420184
v 2.420264 0.480558 -2.420464
v 2.406265 0.372368 -2.406466
v 2.409184 0.372368 -2.403547
v 2.423182 0.480558 -2.417546
v 2.488281 0.485000 -2.262347
v 2.486613 0.480558 -2.264410
v 2.466816 0.372368 -2.264410
v 2.466816 0.372368 -2.260283
v 2.486613 0.480558 -2.260283
v 2.422902 0.485000 -2.104510
v 2.423182 0.480558 -2.107148
v 2.409184 0.372368 -2.121147
v 2.406265 0.372368 -2.118228
v 2.420264 0.480558 -2.104230
v 2.265065 0.485000 -2.039131
v 2.267129 0.480558 -2.040799
v 2.267129 0.372368 -2.060596
v 2.263002 0.372368 -2.060596
v 2.263002 0.480558 -2.040799
v 2.107228 0.485000 -2.104510
v 2.109866 0.480558 -2.104230
v 2.123865 0.372368 -2.118228
v 2.120947 0.372368 -2.121147
v 2.106948 0.480558 -2.107148
v 2.041850 0.485000 -2.262347
v 2.043517 0.480558 -2.260283
v 2.063314 0.372368 -2.260283
v 2.063314 0.372368 -2.264410
v 2.043517 0.480558 -2.264410
v 2.107228 0.485000 -2.420184
v 2.106948 0.480558 -2.417546
v 2.120947 0.372368 -2.403547
v 2.123865 0.372368 -2.406466
v 2.109866 0.480558 -2.420464
v 2.263002 0.480558 -2.483895
v 2.263002 0.372368 -2.464098
v 2.167585 0.034477 -2.362745
v 2.153586 0.142666 -2.376744
v 2.263002 0.142666 -2.422065
v 2.263002 0.034477 -2.402268
v 2.265065 -0.000000 -2.395312
v 2.171045 -0.000000 -2.356367
v 2.153012 0.147107 -2.377319
v 2.139013 0.255297 -2.391318
v 2.263002 0.255297 -2.442675
v 2.263002 0.147107 -2.422878
v 2.138438 0.259738 -2.391892
v 2.124439 0.367928 -2.405891
v 2.263002 0.367928 -2.463285
v 2.263002 0.259738 -2.443488
v 2.125144 0.034477 -2.264410
v 2.105347 0.142666 -2.264410
v 2.150668 0.142666 -2.373826
v 2.164667 0.034477 -2.359827
v 2.132100 -0.000000 -2.262347
v 2.104534 0.147107 -2.264410
v 2.084737 0.255297 -2.264410
v 2.136095 0.255297 -2.388399
v 2.150094 0.147107 -2.374401
v 2.083924 0.259738 -2.264410
v 2.064127 0.367928 -2.264410
v 2.121521 0.367928 -2.402973
v 2.135520 0.259738 -2.388974
v 2.164667 0.034477 -2.164867
v 2.150668 0.142666 -2.150868
v 2.105347 0.142666 -2.260283
v 2.125144 0.034477 -2.260283
v 2.171045 -0.000000 -2.168327
v 2.150094 0.147107 -2.150293
v 2.136095 0.255297 -2.136295
v 2.084737 0.255297 -2.260283
v 2.104534 0.147107 -2.260283
v 2.135520 0.259738 -2.135720
v 2.121521 0.367928 -2.121721
v 2.064127 0.367928 -2.260283
v 2.083924 0.259738 -2.260283
v 2.263002 0.034477 -2.122426
v 2.263002 0.142666 -2.102628
v 2.153586 0.142666 -2.147950
v 2.167585 0.034477 -2.161949
v 2.265065 -0.000000 -2.129382
v 2.263002 0.147107 -2.101816
v 2.263002 0.255297 -2.082019
v 2.139013 0.255297 -2.133376
v 2.153012 0.147107 -2.147375
v 2.263002 0.259738 -2.081206
v 2.263002 0.367928 -2.061409
v 2.124439 0.367928 -2.118803
v 2.138438 0.259738 -2.132802
v 2.362545 0.034477 -2.161949
v 2.376544 0.142666 -2.147950
v 2.267129 0.142666 -2.102628
v 2.267129 0.034477 -2.122426
v 2.359086 -0.000000 -2.168327
v 2.377119 0.147107 -2.147375
v 2.391118 0.255297 -2.133376
v 2.267129 0.255297 -2.082019
v 2.267129 0.147107 -2.101816
v 2.391692 0.259738 -2.132802
v 2.405691 0.367928 -2.118803
v 2.267129 0.367928 -2.061409
v 2.267129 0.259738 -2.081206
v 2.404986 0.034477 -2.260283
v 2.424784 0.142666 -2.260283
v 2.379462 0.142666 -2.150868
v 2.365463 0.034477 -2.164867
v 2.398030 -0.000000 -2.262347
v 2.425596 0.147107 -2.260283
v 2.445394 0.255297 -2.260283
v 2.394036 0.255297 -2.136295
v 2.380037 0.147107 -2.150293
v 2.446206 0.259738 -2.260283
v 2.466003 0.367928 -2.260283
v 2.408609 0.367928 -2.121721
v 2.394610 0.259738 -2.135720
v 2.365463 0.034477 -2.359827
v 2.379462 0.142666 -2.373826
v 2.424784 0.142666 -2.264410
v 2.404986 0.034477 -2.264410
v 2.359086 -0.000000 -2.356367
v 2.380037 0.147107 -2.374401
v 2.394036 0.255297 -2.388399
v 2.445394 0.255297 -2.264410
v 2.425596 0.147107 -2.264410
v 2.394610 0.259738 -2.388974
v 2.408609 0.367928 -2.402973
v 2.466003 0.367928 -2.264410
v 2.446206 0.259738 -2.264410
v 2.267129 0.034477 -2.402268
v 2.267129 0.142666 -2.422065
v 2.376544 0.142666 -2.376744
v 2.362545 0.034477 -2.362745
v 2.267129 0.147107 -2.422878
v 2.267129 0.255297 -2.442675
v 2.391118 0.255297 -2.391318
v 2.377119 0.147107 -2.377319
v 2.267129 0.259738 -2.443488
v 2.267129 0.367928 -2.463285
v 2.405691 0.367928 -2.405891
v 2.391692 0.259738 -2.391892
v 2.170855 0.001684 -2.356558
v 2.265065 0.001684 -2.395581
v 2.131831 0.001684 -2.262347
v 2.170855 0.001684 -2.168136
v 2.265065 0.001684 -2.129113
v 2.359276 0.001684 -2.168136
v 2.398299 0.001684 -2.262347
v 2.359276 0.001684 -2.356558
vn 0.5582 0.1493 0.8162
vn 0.8299 -0.1004 -0.5488
vn -0.3242 -0.5311 0.7828
vn 0.2305 -0.7982 -0.5565
vn -0.4045 0.8202 0.4045
vn -0.0000 0.8202 0.5721
vn -0.0000 0.5613 -0.8276
vn 0.5852 0.5613 -0.5852
vn -0.9718 0.1494 0.1825
vn -0.1988 -0.1004 -0.9749
vn -0.2305 0.7982 0.5565
vn 0.3242 0.5311 -0.7828
vn -0.1825 0.1494 0.9718
vn 0.9749 -0.1004 0.1988
vn -0.7828 -0.5311 0.3242
vn 0.5565 -0.7982 -0.2305
vn -0.5721 0.8202 -0.0000
vn 0.8276 0.5613 -0.0000
vn -0.8162 0.1493 -0.5582
vn 0.5488 -0.1004 -0.8299
vn -0.5565 0.7982 0.2305
vn 0.7828 0.5311 -0.3242
vn -0.8162 0.1493 0.5582
vn 0.5488 -0.1004 0.8299
vn -0.7828 -0.5311 -0.3242
vn 0.5565 -0.7982 0.2305
vn -0.4045 0.8202 -0.4045
vn 0.5852 0.5613 0.5852
vn -0.1825 0.1494 -0.9718
vn 0.9749 -0.1004 -0.1988
vn -0.5565 0.7982 -0.2305
vn 0.7828 0.5311 0.3242
vn -0.9718 0.1494 -0.1825
vn -0.1988 -0.1004 0.9749
vn -0.3242 -0.5311 -0.7828
vn 0.2305 -0.7982 0.5565
vn -0.0000 0.8202 -0.5721
vn -0.0000 0.5613 0.8276
vn 0.5582 0.1493 -0.8162
vn 0.8299 -0.1004 0.5488
vn -0.2305 0.7982 -0.5565
vn 0.3242 0.5311 0.7828
vn -0.5582 0.1493 -0.8162
vn -0.8299 -0.1004 0.5488
vn 0.3242 -0.5311 -0.7828
vn -0.2305 -0.7982 0.5565
vn 0.4045 0.8202 -0.4045
vn -0.5852 0.5613 0.5852
vn 0.9718 0.1494 -0.1825
vn 0.1988 -0.1004 0.9749
vn 0.2305 0.7982 -0.5565
vn -0.3242 0.5311 0.7828
vn 0.1825 0.1494 -0.9718
vn -0.9749 -0.1004 -0.1988
vn 0.7828 -0.5311 -0.3242
vn -0.5565 -0.7982 0.2305
vn 0.5721 0.8202 -0.0000
vn -0.8276 0.5613 -0.0000
vn 0.8162 0.1493 0.5582
vn -0.5488 -0.1004 0.8299
vn 0.5565 0.7982 -0.2305
vn -0.7828 0.5311 0.3242
vn 0.8162 0.1493 -0.5582
vn -0.5488 -0.1004 -0.8299
vn 0.7828 -0.5311 0.3242
vn -0.5565 -0.7982 -0.2305
vn 0.4045 0.8202 0.4045
vn -0.5852 0.5613 -0.5852
vn 0.1825 0.1494 0.9718
vn -0.9749 -0.1004 0.1988
vn 0.5565 0.7982 0.2305
vn -0.7828 0.5311 -0.3242
vn 0.9718 0.1494 0.1825
vn 0.1988 -0.1004 -0.9749
vn 0.3242 -0.5311 0.7828
vn -0.2305 -0.7982 -0.5565
vn -0.5582 0.1493 0.8162
vn -0.8299 -0.1004 -0.5488
vn 0.2305 0.7982 0.5565
vn -0.3242 0.5311 -0.7828
vn 0.9718 0.1494 0.1824
vn 0.6142 0.4955 0.6142
vn -0.0000 0.4955 0.8686
vn 0.6983 0.1576 0.6983
vn -0.0000 0.1576 0.9875
vn -0.3687 -0.2682 -0.8900
vn 0.9718 0.1493 0.1824
vn 0.1824 0.1493 0.9718
vn 0.8686 0.4955 -0.0000
vn 0.9875 0.1576 -0.0000
vn -0.8900 -0.2682 -0.3687
vn 0.1824 0.1493 -0.9718
vn 0.6142 0.4955 -0.6142
vn 0.6983 0.1576 -0.6983
vn -0.8900 -0.2682 0.3687
vn 0.9718 0.1494 -0.1824
vn -0.0000 0.4955 -0.8686
vn -0.0000 0.1576 -0.9875
vn -0.3687 -0.2682 0.8900
vn 0.9718 0.1493 -0.1824
vn -0.9718 0.1494 -0.1824
vn -0.6142 0.4955 -0.6142
vn -0.6983 0.1576 -0.6983
vn 0.3687 -0.2682 0.8900
vn -0.9718 0.1493 -0.1824
vn -0.1824 0.1493 -0.9718
vn -0.8686 0.4955 -0.0000
vn -0.9875 0.1576 -0.0000
vn 0.8900 -0.2682 0.3687
vn -0.1824 0.1493 0.9718
vn -0.6142 0.4955 0.6142
vn -0.6983 0.1576 0.6983
vn 0.8900 -0.2682 -0.3687
vn -0.9718 0.1494 0.1824
vn 0.3687 -0.2682 -0.8900
vn -0.9718 0.1493 0.1824
vn -0.0000 -1.0000 -0.0000
vn -0.3786 0.1459 0.9140
vn -0.9140 0.1459 0.3786
vn -0.9140 0.1459 -0.3786
vn -0.3786 0.1459 -0.9140
vn 0.3786 0.1459 -0.9140
vn 0.9140 0.1459 -0.3786
vn 0.9140 0.1459 0.3786
vn 0.3786 0.1459 0.9140
vn -0.0000 1.0000 -0.0000
vt 0.397172 0.358256
vt 0.397172 0.322980
vt 0.397986 0.322198
vt 0.397986 0.358922
vt 0.524186 0.262897
vt 0.499063 0.288698
vt 0.497714 0.288347
vt 0.523869 0.261487
vt 0.599503 0.211455
vt 0.573225 0.246547
vt 0.572092 0.246567
vt 0.598861 0.210819
vt 0.487976 0.229560
vt 0.487976 0.283879
vt 0.487189 0.284936
vt 0.487189 0.228503
vt 0.353640 0.136229
vt 0.314052 0.096641
vt 0.314839 0.096315
vt 0.353966 0.135442
vt 0.448376 0.237016
vt 0.447219 0.191845
vt 0.448049 0.191994
vt 0.449214 0.237526
vt 0.599503 0.269832
vt 0.599448 0.270807
vt 0.434585 0.246515
vt 0.434585 0.210474
vt 0.435725 0.209690
vt 0.435725 0.247211
vt 0.569527 0.261894
vt 0.569527 0.311247
vt 0.568741 0.311653
vt 0.568741 0.261488
vt 0.524186 0.319608
vt 0.523811 0.320454
vt 0.495872 0.302643
vt 0.495872 0.266761
vt 0.496468 0.266024
vt 0.496468 0.303379
vt 0.534269 0.155972
vt 0.498546 0.157802
vt 0.497714 0.156946
vt 0.534903 0.155041
vt 0.431917 0.263804
vt 0.431917 0.210117
vt 0.432806 0.209690
vt 0.432806 0.264381
vt 0.488762 0.229560
vt 0.488762 0.283879
vt 0.487976 0.284936
vt 0.487976 0.228503
vt 0.409626 0.136229
vt 0.409301 0.135442
vt 0.448376 0.136521
vt 0.449214 0.136229
vt 0.437641 0.210423
vt 0.437641 0.246087
vt 0.436907 0.246817
vt 0.436907 0.209690
vt 0.498546 0.206581
vt 0.534269 0.209659
vt 0.534903 0.210819
vt 0.497714 0.207615
vt 0.563940 0.261894
vt 0.563940 0.311247
vt 0.563154 0.311653
vt 0.563154 0.261488
vt 0.402059 0.358256
vt 0.402059 0.322980
vt 0.402873 0.322198
vt 0.402873 0.358922
vt 0.561375 0.262897
vt 0.536251 0.288698
vt 0.534903 0.288347
vt 0.561058 0.261488
vt 0.610814 0.082216
vt 0.584536 0.117308
vt 0.583403 0.117328
vt 0.610172 0.081580
vt 0.489549 0.229560
vt 0.489549 0.283879
vt 0.488762 0.284936
vt 0.488762 0.228503
vt 0.449214 0.096641
vt 0.448428 0.096315
vt 0.446381 0.237016
vt 0.445224 0.191845
vt 0.446054 0.191994
vt 0.447219 0.237526
vt 0.610814 0.140592
vt 0.610759 0.141568
vt 0.437641 0.246515
vt 0.437641 0.210474
vt 0.438781 0.209690
vt 0.438781 0.247211
vt 0.568741 0.261894
vt 0.568741 0.311247
vt 0.567954 0.311653
vt 0.567954 0.261488
vt 0.561375 0.319608
vt 0.561000 0.320454
vt 0.598907 0.307427
vt 0.598907 0.271544
vt 0.599503 0.270807
vt 0.599503 0.308163
vt 0.566282 0.001997
vt 0.530560 0.003827
vt 0.529728 0.002972
vt 0.566916 0.001067
vt 0.441450 0.263804
vt 0.441450 0.210117
vt 0.442339 0.209690
vt 0.442339 0.264381
vt 0.490335 0.229560
vt 0.490335 0.283879
vt 0.489549 0.284936
vt 0.489549 0.228503
vt 0.449214 0.040655
vt 0.448428 0.040980
vt 0.446381 0.136521
vt 0.447219 0.136229
vt 0.412167 0.322932
vt 0.412167 0.358595
vt 0.411432 0.359325
vt 0.411432 0.322198
vt 0.530560 0.052607
vt 0.566282 0.055684
vt 0.566916 0.056844
vt 0.529728 0.053640
vt 0.564726 0.261894
vt 0.564726 0.311247
vt 0.563940 0.311653
vt 0.563940 0.261488
vt 0.402873 0.358256
vt 0.402873 0.322980
vt 0.403688 0.322198
vt 0.403688 0.358922
vt 0.637286 0.082990
vt 0.612162 0.108790
vt 0.610814 0.108440
vt 0.636968 0.081580
vt 0.626913 0.211455
vt 0.600636 0.246547
vt 0.599503 0.246567
vt 0.626272 0.210819
vt 0.491121 0.228503
vt 0.491121 0.284936
vt 0.409626 0.001067
vt 0.409301 0.001853
vt 0.393890 0.317692
vt 0.392733 0.272521
vt 0.393563 0.272670
vt 0.394728 0.318202
vt 0.626913 0.269832
vt 0.626859 0.270807
vt 0.388430 0.253730
vt 0.388430 0.217688
vt 0.389570 0.216905
vt 0.389570 0.254426
vt 0.567168 0.311247
vt 0.567168 0.261894
vt 0.567954 0.311653
vt 0.637286 0.139701
vt 0.636910 0.140547
vt 0.447479 0.311502
vt 0.447479 0.275619
vt 0.448074 0.274882
vt 0.448074 0.312237
vt 0.571458 0.155972
vt 0.535735 0.157802
vt 0.534903 0.156946
vt 0.572092 0.155041
vt 0.432806 0.263804
vt 0.432806 0.210117
vt 0.433696 0.209690
vt 0.433696 0.264381
vt 0.391947 0.272280
vt 0.391947 0.217962
vt 0.392733 0.216905
vt 0.392733 0.273338
vt 0.353640 0.001067
vt 0.353966 0.001853
vt 0.393890 0.217197
vt 0.394728 0.216905
vt 0.409229 0.322932
vt 0.409229 0.358595
vt 0.408495 0.359325
vt 0.408495 0.322198
vt 0.535735 0.206581
vt 0.571458 0.209659
vt 0.572092 0.210819
vt 0.534903 0.207615
vt 0.564726 0.311247
vt 0.564726 0.261894
vt 0.565513 0.261488
vt 0.565513 0.311653
vt 0.396357 0.358256
vt 0.396357 0.322980
vt 0.397172 0.322198
vt 0.397172 0.358922
vt 0.635752 0.143044
vt 0.610629 0.168844
vt 0.609281 0.168493
vt 0.635435 0.141634
vt 0.631516 0.001703
vt 0.605239 0.036795
vt 0.604105 0.036815
vt 0.630874 0.001067
vt 0.486403 0.283879
vt 0.486403 0.229560
vt 0.487189 0.228503
vt 0.487189 0.284936
vt 0.314052 0.040655
vt 0.314839 0.040980
vt 0.444386 0.237016
vt 0.443229 0.191845
vt 0.444059 0.191994
vt 0.445224 0.237526
vt 0.631516 0.060079
vt 0.631461 0.061055
vt 0.435725 0.246515
vt 0.435725 0.210474
vt 0.436865 0.209690
vt 0.436865 0.247211
vt 0.566382 0.311247
vt 0.566382 0.261894
vt 0.567168 0.261488
vt 0.567168 0.311653
vt 0.635752 0.199754
vt 0.635377 0.200601
vt 0.418078 0.358818
vt 0.418078 0.322935
vt 0.418673 0.322198
vt 0.418673 0.359554
vt 0.431283 0.210621
vt 0.395560 0.212451
vt 0.394728 0.211595
vt 0.431917 0.209690
vt 0.442339 0.263804
vt 0.442339 0.210117
vt 0.443228 0.209690
vt 0.443228 0.264381
vt 0.491121 0.283879
vt 0.491121 0.229560
vt 0.491908 0.228503
vt 0.491908 0.284936
vt 0.444386 0.136521
vt 0.445224 0.136229
vt 0.408495 0.322932
vt 0.408495 0.358595
vt 0.407761 0.359325
vt 0.407761 0.322198
vt 0.395560 0.261230
vt 0.431283 0.264308
vt 0.431917 0.265468
vt 0.394728 0.262264
vt 0.565513 0.311247
vt 0.565513 0.261894
vt 0.566299 0.261488
vt 0.566299 0.311653
vt 0.444583 0.358818
vt 0.444583 0.322935
vt 0.445178 0.322198
vt 0.445178 0.359554
vt 0.449868 0.121104
vt 0.485621 0.120021
vt 0.486435 0.120894
vt 0.449214 0.122021
vt 0.482368 0.312849
vt 0.482368 0.274489
vt 0.483258 0.274062
vt 0.483258 0.313426
vt 0.448074 0.314916
vt 0.448074 0.276105
vt 0.448861 0.275048
vt 0.448861 0.315973
vt 0.447381 0.322932
vt 0.447381 0.358595
vt 0.446647 0.359325
vt 0.446647 0.322198
vt 0.486320 0.086576
vt 0.450669 0.082753
vt 0.450060 0.081580
vt 0.487173 0.085560
vt 0.570848 0.080877
vt 0.570848 0.047032
vt 0.571634 0.046626
vt 0.571634 0.081283
vt 0.683041 0.100607
vt 0.682351 0.133629
vt 0.672274 0.134340
vt 0.672990 0.100093
vt 0.497714 0.087327
vt 0.497026 0.120282
vt 0.418673 0.358818
vt 0.418673 0.322935
vt 0.419269 0.322198
vt 0.419269 0.359554
vt 0.603471 0.001997
vt 0.567748 0.003827
vt 0.566916 0.002972
vt 0.604105 0.001067
vt 0.561375 0.305383
vt 0.561375 0.261915
vt 0.562264 0.261488
vt 0.562264 0.305961
vt 0.597281 0.315845
vt 0.597281 0.271865
vt 0.598067 0.270807
vt 0.598067 0.316902
vt 0.421789 0.322932
vt 0.421789 0.358595
vt 0.421055 0.359325
vt 0.421055 0.322198
vt 0.567748 0.042388
vt 0.603471 0.045466
vt 0.604105 0.046626
vt 0.566916 0.043422
vt 0.391947 0.358853
vt 0.391947 0.319839
vt 0.392733 0.319433
vt 0.392733 0.359260
vt 0.421789 0.358818
vt 0.421789 0.322935
vt 0.422385 0.322198
vt 0.422385 0.359554
vt 0.534269 0.211750
vt 0.498546 0.213580
vt 0.497714 0.212724
vt 0.534903 0.210819
vt 0.440560 0.258695
vt 0.440560 0.210117
vt 0.441450 0.209690
vt 0.441450 0.259272
vt 0.524972 0.311694
vt 0.524972 0.262545
vt 0.525759 0.261488
vt 0.525759 0.312752
vt 0.409964 0.322932
vt 0.409964 0.358595
vt 0.409229 0.359325
vt 0.409229 0.322198
vt 0.498546 0.257250
vt 0.534269 0.260328
vt 0.534903 0.261488
vt 0.497714 0.258283
vt 0.485617 0.318652
vt 0.485617 0.274468
vt 0.486403 0.274062
vt 0.486403 0.319058
vt 0.397986 0.358256
vt 0.397986 0.322980
vt 0.398801 0.322198
vt 0.398801 0.358922
vt 0.450669 0.153731
vt 0.486320 0.148642
vt 0.487173 0.149743
vt 0.450060 0.155041
vt 0.547706 0.321182
vt 0.525309 0.343080
vt 0.524186 0.342926
vt 0.547170 0.320454
vt 0.480693 0.313930
vt 0.480693 0.275120
vt 0.481479 0.274062
vt 0.481479 0.314988
vt 0.547706 0.370118
vt 0.547502 0.371073
vt 0.390807 0.253730
vt 0.390807 0.217688
vt 0.391947 0.216905
vt 0.391947 0.254426
vt 0.571634 0.080877
vt 0.571634 0.047032
vt 0.572421 0.046626
vt 0.572421 0.081283
vt 0.485621 0.121335
vt 0.682351 0.073645
vt 0.672274 0.072131
vt 0.497714 0.147190
vt 0.394728 0.358256
vt 0.394728 0.322980
vt 0.395543 0.322198
vt 0.395543 0.358922
vt 0.673411 0.272177
vt 0.651112 0.300454
vt 0.649735 0.300246
vt 0.672948 0.270807
vt 0.660795 0.142329
vt 0.636882 0.168561
vt 0.635752 0.168472
vt 0.660218 0.141634
vt 0.493048 0.311061
vt 0.493048 0.267081
vt 0.493834 0.266024
vt 0.493834 0.312119
vt 0.660795 0.194267
vt 0.660647 0.195233
vt 0.448074 0.274352
vt 0.448074 0.238310
vt 0.449214 0.237526
vt 0.449214 0.275048
vt 0.673410 0.310228
vt 0.673410 0.271214
vt 0.674197 0.270807
vt 0.674197 0.310634
vt 0.673411 0.322687
vt 0.673125 0.323568
vt 0.403688 0.358256
vt 0.403688 0.322980
vt 0.404503 0.322198
vt 0.404503 0.358922
vt 0.391894 0.268966
vt 0.368069 0.295970
vt 0.366705 0.295686
vt 0.391508 0.267573
vt 0.340379 0.268238
vt 0.315185 0.298878
vt 0.314052 0.298847
vt 0.339767 0.267573
vt 0.524186 0.311694
vt 0.524186 0.262545
vt 0.524972 0.261488
vt 0.524972 0.312752
vt 0.340379 0.323331
vt 0.340280 0.324304
vt 0.491908 0.265328
vt 0.491908 0.229286
vt 0.493048 0.228503
vt 0.493048 0.266024
vt 0.475189 0.318652
vt 0.475189 0.274468
vt 0.475976 0.274062
vt 0.475976 0.319058
vt 0.391894 0.322504
vt 0.391561 0.323367
vt 0.447479 0.274146
vt 0.447479 0.238263
vt 0.448074 0.237526
vt 0.395382 0.175753
vt 0.431135 0.174670
vt 0.431949 0.175542
vt 0.394728 0.176670
vt 0.477548 0.312849
vt 0.477548 0.274489
vt 0.478438 0.274062
vt 0.478438 0.313426
vt 0.571306 0.352620
vt 0.571306 0.313809
vt 0.572092 0.312752
vt 0.572092 0.353677
vt 0.414370 0.322932
vt 0.414370 0.358595
vt 0.413635 0.359325
vt 0.413635 0.322198
vt 0.431834 0.141225
vt 0.396183 0.137402
vt 0.395574 0.136229
vt 0.432687 0.140209
vt 0.566916 0.080877
vt 0.566916 0.047032
vt 0.567703 0.046626
vt 0.567703 0.081283
vt 0.671562 0.170110
vt 0.670872 0.203132
vt 0.660796 0.203844
vt 0.661511 0.169596
vt 0.443228 0.141976
vt 0.442540 0.174931
vt 0.419864 0.358818
vt 0.419864 0.322935
vt 0.420459 0.322198
vt 0.420459 0.359554
vt 0.608647 0.155972
vt 0.572924 0.157802
vt 0.572092 0.156946
vt 0.609281 0.155041
vt 0.562264 0.305383
vt 0.562264 0.261915
vt 0.563154 0.305961
vt 0.598067 0.315845
vt 0.598067 0.271865
vt 0.598853 0.270807
vt 0.598853 0.316902
vt 0.415838 0.322932
vt 0.415838 0.358595
vt 0.415104 0.359325
vt 0.415104 0.322198
vt 0.572924 0.196363
vt 0.608647 0.199441
vt 0.609281 0.200601
vt 0.572092 0.197396
vt 0.393942 0.357623
vt 0.393942 0.318609
vt 0.394728 0.318202
vt 0.394728 0.358029
vt 0.598907 0.344782
vt 0.598907 0.308900
vt 0.599503 0.308163
vt 0.599503 0.345518
vt 0.571458 0.211750
vt 0.535735 0.213580
vt 0.534903 0.212724
vt 0.433696 0.258695
vt 0.433696 0.210117
vt 0.434585 0.209690
vt 0.434585 0.259272
vt 0.528770 0.311694
vt 0.528770 0.262545
vt 0.529557 0.261488
vt 0.529557 0.312752
vt 0.411432 0.322932
vt 0.411432 0.358595
vt 0.410698 0.359325
vt 0.410698 0.322198
vt 0.535735 0.257250
vt 0.571458 0.260328
vt 0.572092 0.261488
vt 0.534903 0.258283
vt 0.474403 0.318652
vt 0.474403 0.274468
vt 0.475189 0.274062
vt 0.475189 0.319058
vt 0.399615 0.358256
vt 0.399615 0.322980
vt 0.400430 0.322198
vt 0.400430 0.358922
vt 0.396183 0.208380
vt 0.431834 0.203290
vt 0.432687 0.204392
vt 0.395574 0.209690
vt 0.524186 0.321182
vt 0.501789 0.343080
vt 0.500666 0.342926
vt 0.523649 0.320454
vt 0.448074 0.355841
vt 0.448074 0.317031
vt 0.448861 0.356899
vt 0.524186 0.370118
vt 0.523982 0.371073
vt 0.496468 0.265328
vt 0.496468 0.229286
vt 0.497608 0.228503
vt 0.497608 0.266024
vt 0.572421 0.080877
vt 0.572421 0.047032
vt 0.573207 0.046626
vt 0.573207 0.081283
vt 0.431135 0.175983
vt 0.670872 0.143148
vt 0.660796 0.141634
vt 0.443228 0.201839
vt 0.406132 0.358256
vt 0.406132 0.322980
vt 0.406946 0.322198
vt 0.406946 0.358922
vt 0.675632 0.212188
vt 0.653334 0.240466
vt 0.651957 0.240258
vt 0.675170 0.210819
vt 0.656559 0.001762
vt 0.632646 0.027994
vt 0.631516 0.027905
vt 0.655982 0.001067
vt 0.391947 0.318375
vt 0.391947 0.274396
vt 0.392733 0.319433
vt 0.656559 0.053700
vt 0.656411 0.054666
vt 0.530343 0.298313
vt 0.530343 0.262271
vt 0.531483 0.261488
vt 0.531483 0.299009
vt 0.673410 0.350054
vt 0.673410 0.311040
vt 0.674197 0.310634
vt 0.674197 0.350461
vt 0.675632 0.262699
vt 0.675347 0.263579
vt 0.404503 0.358256
vt 0.404503 0.322980
vt 0.405317 0.322198
vt 0.405317 0.358922
vt 0.597281 0.272200
vt 0.573456 0.299204
vt 0.572092 0.298920
vt 0.596895 0.270807
vt 0.366705 0.268238
vt 0.341512 0.298878
vt 0.340379 0.298847
vt 0.366093 0.267573
vt 0.525759 0.311694
vt 0.525759 0.262545
vt 0.526545 0.261488
vt 0.526545 0.312752
vt 0.366705 0.323331
vt 0.366606 0.324304
vt 0.532623 0.298313
vt 0.532623 0.262271
vt 0.533763 0.261487
vt 0.533763 0.299009
vt 0.484830 0.318652
vt 0.484830 0.274468
vt 0.485617 0.274062
vt 0.485617 0.319058
vt 0.597281 0.325738
vt 0.596947 0.326602
vt 0.527389 0.298107
vt 0.527389 0.262224
vt 0.527984 0.261488
vt 0.527984 0.298843
vt 0.449868 0.194565
vt 0.485621 0.193482
vt 0.486435 0.194355
vt 0.449214 0.195483
vt 0.481479 0.312849
vt 0.481479 0.274489
vt 0.482368 0.274062
vt 0.482368 0.313426
vt 0.598853 0.317960
vt 0.598853 0.356770
vt 0.598067 0.357828
vt 0.598067 0.316902
vt 0.413635 0.322932
vt 0.413635 0.358595
vt 0.412901 0.359325
vt 0.412901 0.322198
vt 0.486320 0.160038
vt 0.450669 0.156214
vt 0.487173 0.159022
vt 0.568489 0.047032
vt 0.568489 0.080877
vt 0.671728 0.100607
vt 0.671038 0.133629
vt 0.660962 0.134340
vt 0.661677 0.100093
vt 0.497714 0.160789
vt 0.497026 0.193744
vt 0.419269 0.358818
vt 0.419269 0.322935
vt 0.419864 0.322198
vt 0.419864 0.359554
vt 0.485769 0.229433
vt 0.450046 0.231263
vt 0.449214 0.230408
vt 0.486403 0.228503
vt 0.570416 0.305383
vt 0.570416 0.261915
vt 0.571306 0.261488
vt 0.571306 0.305961
vt 0.494974 0.267081
vt 0.494974 0.311061
vt 0.494188 0.312119
vt 0.494188 0.266024
vt 0.446647 0.322932
vt 0.446647 0.358595
vt 0.445913 0.359325
vt 0.445913 0.322198
vt 0.450046 0.269824
vt 0.485769 0.272902
vt 0.449214 0.270858
vt 0.476762 0.319464
vt 0.476762 0.358478
vt 0.475976 0.358885
vt 0.447479 0.348857
vt 0.447479 0.312974
vt 0.448074 0.312237
vt 0.448074 0.349593
vt 0.350607 0.217835
vt 0.314884 0.219665
vt 0.314052 0.218810
vt 0.351241 0.216905
vt 0.439671 0.258695
vt 0.439671 0.210117
vt 0.440560 0.209690
vt 0.440560 0.259272
vt 0.528770 0.262545
vt 0.527984 0.312752
vt 0.412901 0.322932
vt 0.412901 0.358595
vt 0.412167 0.359325
vt 0.412167 0.322198
vt 0.314884 0.263335
vt 0.350607 0.266413
vt 0.351241 0.267573
vt 0.314052 0.264369
vt 0.484830 0.274468
vt 0.484830 0.318652
vt 0.484044 0.319058
vt 0.484044 0.274062
vt 0.400430 0.358256
vt 0.400430 0.322980
vt 0.401244 0.322198
vt 0.401244 0.358922
vt 0.450669 0.227192
vt 0.486320 0.222103
vt 0.487173 0.223204
vt 0.450060 0.228503
vt 0.500666 0.321182
vt 0.478269 0.343080
vt 0.477146 0.342926
vt 0.500129 0.320454
vt 0.598067 0.317960
vt 0.598067 0.356770
vt 0.597281 0.357828
vt 0.597281 0.316902
vt 0.500666 0.370118
vt 0.500462 0.371073
vt 0.494188 0.265328
vt 0.494188 0.229286
vt 0.495328 0.228503
vt 0.495328 0.266024
vt 0.569275 0.047032
vt 0.569275 0.080877
vt 0.568489 0.081283
vt 0.568489 0.046626
vt 0.485621 0.194796
vt 0.671038 0.073645
vt 0.660962 0.072131
vt 0.497714 0.220651
vt 0.406946 0.358256
vt 0.406946 0.322980
vt 0.407761 0.322198
vt 0.407761 0.358922
vt 0.680235 0.002436
vt 0.657937 0.030714
vt 0.656559 0.030505
vt 0.679773 0.001067
vt 0.649735 0.271503
vt 0.625822 0.297735
vt 0.624691 0.297645
vt 0.649157 0.270807
vt 0.495760 0.267081
vt 0.495760 0.311061
vt 0.494974 0.312119
vt 0.494974 0.266024
vt 0.649735 0.323441
vt 0.649586 0.324407
vt 0.495328 0.265328
vt 0.495328 0.229286
vt 0.496468 0.228503
vt 0.496468 0.266024
vt 0.475189 0.319464
vt 0.475189 0.358478
vt 0.474403 0.358885
vt 0.474403 0.319058
vt 0.680235 0.052946
vt 0.679950 0.053827
vt 0.405317 0.358256
vt 0.405317 0.322980
vt 0.406132 0.322198
vt 0.406132 0.358922
vt 0.624691 0.272200
vt 0.600867 0.299204
vt 0.599503 0.298920
vt 0.624305 0.270807
vt 0.421055 0.266133
vt 0.395861 0.296773
vt 0.394728 0.296742
vt 0.420443 0.265468
vt 0.572092 0.262545
vt 0.572092 0.311694
vt 0.571306 0.312752
vt 0.571306 0.261487
vt 0.421055 0.321226
vt 0.420956 0.322198
vt 0.531483 0.298313
vt 0.531483 0.262271
vt 0.532623 0.261488
vt 0.532623 0.299009
vt 0.476762 0.274468
vt 0.476762 0.318652
vt 0.624691 0.325738
vt 0.624358 0.326602
vt 0.422385 0.358818
vt 0.422385 0.322935
vt 0.422980 0.322198
vt 0.422980 0.359554
vt 0.498368 0.121104
vt 0.534121 0.120021
vt 0.534935 0.120894
vt 0.497714 0.122021
vt 0.478438 0.312849
vt 0.478438 0.274489
vt 0.479327 0.274062
vt 0.479327 0.313426
vt 0.480114 0.275120
vt 0.480114 0.313930
vt 0.479327 0.314988
vt 0.415104 0.322932
vt 0.415104 0.358595
vt 0.414370 0.359325
vt 0.414370 0.322198
vt 0.534820 0.086576
vt 0.499169 0.082753
vt 0.498560 0.081580
vt 0.535673 0.085560
vt 0.570848 0.047032
vt 0.570062 0.081283
vt 0.570062 0.046626
vt 0.682875 0.170110
vt 0.682185 0.203132
vt 0.672108 0.203844
vt 0.672824 0.169596
vt 0.546214 0.087327
vt 0.545525 0.120282
vt 0.415838 0.358818
vt 0.415838 0.322935
vt 0.416434 0.322198
vt 0.416434 0.359554
vt 0.582769 0.082511
vt 0.547046 0.084341
vt 0.546214 0.083485
vt 0.583403 0.081580
vt 0.569527 0.305383
vt 0.569527 0.261915
vt 0.570416 0.261488
vt 0.570416 0.305961
vt 0.493048 0.267081
vt 0.492261 0.312119
vt 0.492261 0.266024
vt 0.445913 0.322932
vt 0.445913 0.358595
vt 0.445178 0.359325
vt 0.547046 0.122901
vt 0.582769 0.125979
vt 0.583403 0.127139
vt 0.546214 0.123935
vt 0.674983 0.271214
vt 0.674983 0.310228
vt 0.674197 0.310634
vt 0.674197 0.270807
vt 0.420459 0.358818
vt 0.420459 0.322935
vt 0.421055 0.359554
vt 0.387796 0.217835
vt 0.352073 0.219665
vt 0.351241 0.218810
vt 0.388430 0.216905
vt 0.438781 0.258695
vt 0.438781 0.210117
vt 0.439671 0.209690
vt 0.439671 0.259272
vt 0.530343 0.262545
vt 0.530343 0.311694
vt 0.410698 0.322932
vt 0.410698 0.358595
vt 0.409964 0.359325
vt 0.409964 0.322198
vt 0.352073 0.263335
vt 0.387796 0.266413
vt 0.388430 0.267573
vt 0.351241 0.264369
vt 0.484044 0.274468
vt 0.484044 0.318652
vt 0.483258 0.319058
vt 0.483258 0.274062
vt 0.401244 0.358256
vt 0.401244 0.322980
vt 0.402059 0.322198
vt 0.402059 0.358922
vt 0.499169 0.153731
vt 0.534820 0.148642
vt 0.535673 0.149743
vt 0.498560 0.155041
vt 0.571226 0.321182
vt 0.548829 0.343080
vt 0.547706 0.342926
vt 0.570690 0.320454
vt 0.393520 0.319260
vt 0.393520 0.358070
vt 0.392733 0.359128
vt 0.392733 0.318202
vt 0.571226 0.370118
vt 0.571023 0.371073
vt 0.389667 0.253730
vt 0.389667 0.217688
vt 0.390807 0.216905
vt 0.390807 0.254426
vt 0.570062 0.047032
vt 0.570062 0.080877
vt 0.569275 0.081283
vt 0.569275 0.046626
vt 0.534121 0.121335
vt 0.682185 0.143148
vt 0.672108 0.141634
vt 0.546214 0.147190
vt 0.395543 0.358256
vt 0.395543 0.322980
vt 0.396357 0.322198
vt 0.396357 0.358922
vt 0.660962 0.082949
vt 0.638663 0.111227
vt 0.637286 0.111018
vt 0.660499 0.081580
vt 0.651957 0.211514
vt 0.628043 0.237746
vt 0.626913 0.237657
vt 0.651379 0.210819
vt 0.497254 0.267081
vt 0.497254 0.311061
vt 0.496468 0.312119
vt 0.496468 0.266024
vt 0.651957 0.263453
vt 0.651808 0.264419
vt 0.533763 0.298313
vt 0.533763 0.262271
vt 0.534903 0.299009
vt 0.475976 0.319464
vt 0.475976 0.358478
vt 0.475189 0.358885
vt 0.660962 0.133460
vt 0.660676 0.134340
vt 0.398801 0.358256
vt 0.398801 0.322980
vt 0.399615 0.322198
vt 0.399615 0.358922
vt 0.474403 0.275455
vt 0.450578 0.302459
vt 0.449214 0.302175
vt 0.474017 0.274062
vt 0.447381 0.266133
vt 0.422188 0.296773
vt 0.421055 0.296742
vt 0.446769 0.265468
vt 0.527331 0.262545
vt 0.527331 0.311694
vt 0.526545 0.312752
vt 0.526545 0.261488
vt 0.447381 0.321226
vt 0.447282 0.322198
vt 0.493048 0.265328
vt 0.493048 0.229286
vt 0.494188 0.228503
vt 0.494188 0.266024
vt 0.477548 0.274468
vt 0.477548 0.318652
vt 0.476762 0.319058
vt 0.476762 0.274062
vt 0.474403 0.328992
vt 0.474070 0.329856
vt 0.506146 0.081580
vt 0.472796 0.081580
vt 0.449214 0.057998
vt 0.449214 0.024648
vt 0.472796 0.001067
vt 0.506146 0.001067
vt 0.529728 0.024648
vt 0.529728 0.057998
vt 0.682732 0.143231
vt 0.683421 0.170138
vt 0.682732 0.203093
vt 0.671586 0.073728
vt 0.672274 0.100635
vt 0.671586 0.133590
vt 0.671420 0.143231
vt 0.672108 0.170138
vt 0.671420 0.203093
vt 0.682898 0.073728
vt 0.683587 0.100635
vt 0.682898 0.133590
vt 0.337682 0.216905
vt 0.314052 0.193275
vt 0.314052 0.159858
vt 0.337682 0.136229
vt 0.371099 0.136229
vt 0.394728 0.159858
vt 0.394728 0.193275
vt 0.371099 0.216905
s 1
usemtl texture_2
f 1075/2136/422 1076/2137/422 997/2138/422 1031/2139/422
f 1076/2140/423 1075/2141/423 1032/2142/423 998/2143/423
f 1076/2144/424 1079/2145/424 1001/2146/424 997/2147/424
f 1079/2148/425 1076/2149/425 998/2150/425 1002/2151/425
f 1078/2152/426 1077/2153/427 997/2154/427 1001/2155/426
f 1077/2156/428 1078/2157/429 1002/2158/429 998/2159/428
f 1079/2145/430 1080/2160/430 1033/2161/430 1001/2146/430
f 1080/2162/431 1079/2163/431 1002/2164/431 1034/2165/431
f 1080/2166/432 1075/2167/432 1031/2168/432 1033/2169/432
f 1075/2141/433 1080/2170/433 1034/2171/433 1032/2142/433
f 1081/2172/434 1082/2173/434 1001/2174/434 1033/2175/434
f 1082/2176/435 1081/2177/435 1034/2178/435 1002/2179/435
f 1082/2180/436 1084/2181/436 1005/2182/436 1001/2183/436
f 1084/2184/437 1082/2185/437 1002/2186/437 1006/2187/437
f 1083/2188/438 1078/2152/426 1001/2155/426 1005/2189/438
f 1078/2157/429 1083/2190/439 1006/2191/439 1002/2158/429
f 1084/2192/440 1085/2193/440 1039/2194/440 1005/2195/440
f 1085/2196/441 1084/2197/441 1006/2198/441 1040/2199/441
f 1085/2200/442 1081/2201/442 1033/2202/442 1039/2203/442
f 1081/2177/443 1085/2196/443 1040/2199/443 1034/2178/443
f 1086/2204/444 1087/2205/444 1005/2206/444 1039/2207/444
f 1087/2208/445 1086/2209/445 1040/2210/445 1006/2211/445
f 1087/2212/446 1089/2213/446 1009/2214/446 1005/2215/446
f 1089/2216/447 1087/2217/447 1006/2218/447 1010/2219/447
f 1088/2220/448 1083/2188/438 1005/2189/438 1009/2221/448
f 1083/2222/439 1088/2223/449 1010/2224/449 1006/2225/439
f 1089/2213/450 1090/2226/450 1045/2227/450 1009/2214/450
f 1090/2228/451 1089/2229/451 1010/2230/451 1046/2231/451
f 1090/2232/452 1086/2233/452 1039/2234/452 1045/2235/452
f 1086/2209/453 1090/2236/453 1046/2237/453 1040/2210/453
f 1091/2238/454 1092/2239/454 1009/2240/454 1045/2241/454
f 1092/2242/455 1091/2243/455 1046/2244/455 1010/2245/455
f 1092/2246/456 1094/2247/456 1013/2248/456 1009/2249/456
f 1094/2250/457 1092/2251/457 1010/2252/457 1014/2253/457
f 1093/2254/458 1088/2220/448 1009/2221/448 1013/2255/458
f 1088/2223/449 1093/2256/459 1014/2257/459 1010/2224/449
f 1094/2258/460 1095/2259/460 1051/2260/460 1013/2261/460
f 1095/2262/461 1094/2263/461 1014/2264/461 1052/2265/461
f 1095/2266/462 1091/2267/462 1045/2268/462 1051/2269/462
f 1091/2243/463 1095/2262/463 1052/2265/463 1046/2244/463
f 1096/2270/464 1097/2271/464 1013/2272/464 1051/2273/464
f 1097/2274/465 1096/2275/465 1052/2276/465 1014/2277/465
f 1097/2278/466 1099/2279/466 1017/2280/466 1013/2281/466
f 1099/2251/467 1097/2250/467 1014/2282/467 1018/2283/467
f 1098/2284/468 1093/2254/458 1013/2255/458 1017/2285/468
f 1093/2286/459 1098/2287/469 1018/2288/469 1014/2289/459
f 1099/2279/470 1100/2290/470 1057/2291/470 1017/2280/470
f 1100/2292/471 1099/2293/471 1018/2294/471 1058/2295/471
f 1100/2296/472 1096/2297/472 1051/2235/472 1057/2298/472
f 1096/2275/473 1100/2299/473 1058/2300/473 1052/2276/473
f 1101/2301/474 1102/2302/474 1017/2303/474 1057/2304/474
f 1102/2305/475 1101/2306/475 1058/2307/475 1018/2308/475
f 1102/2309/476 1104/2310/476 1021/2311/476 1017/2312/476
f 1104/2313/477 1102/2314/477 1018/2315/477 1022/2316/477
f 1103/2317/478 1098/2284/468 1017/2285/468 1021/2318/478
f 1098/2287/469 1103/2319/479 1022/2320/479 1018/2288/469
f 1104/2321/480 1105/2322/480 1063/2323/480 1021/2324/480
f 1105/2325/481 1104/2326/481 1022/2327/481 1064/2328/481
f 1105/2329/482 1101/2330/482 1057/2331/482 1063/2332/482
f 1101/2306/483 1105/2325/483 1064/2328/483 1058/2307/483
f 1106/2333/484 1107/2334/484 1021/2335/484 1063/2336/484
f 1107/2337/485 1106/2338/485 1064/2339/485 1022/2340/485
f 1107/2341/486 1109/2342/486 1025/2343/486 1021/2344/486
f 1109/2345/487 1107/2346/487 1022/2347/487 1026/2348/487
f 1108/2349/488 1103/2317/478 1021/2318/478 1025/2350/488
f 1103/2351/479 1108/2352/489 1026/2353/489 1022/2354/479
f 1109/2342/490 1110/2355/490 1069/2356/490 1025/2343/490
f 1110/2357/491 1109/2358/491 1026/2359/491 1070/2360/491
f 1110/2361/492 1106/2362/492 1063/2363/492 1069/2364/492
f 1106/2338/493 1110/2365/493 1070/2366/493 1064/2339/493
f 1111/2367/494 1112/2368/494 1025/2369/494 1069/2370/494
f 1112/2371/495 1111/2372/495 1070/2373/495 1026/2374/495
f 1112/2375/496 1113/2376/496 997/2377/496 1025/2378/496
f 1113/2379/497 1112/2380/497 1026/2381/497 998/2382/497
f 1077/2153/427 1108/2349/488 1025/2350/488 997/2154/427
f 1108/2352/489 1077/2383/428 998/2384/428 1026/2353/489
f 1113/2385/498 1114/2386/498 1031/2387/498 997/2388/498
f 1114/2389/499 1113/2390/499 998/2391/499 1032/2392/499
f 1114/2393/500 1111/2394/500 1069/2395/500 1031/2396/500
f 1111/2372/501 1114/2389/501 1032/2392/501 1070/2373/501
f 1115/2397/502 1116/2398/502 1073/2399/502 1023/2400/502
f 1116/2401/495 1115/2402/495 1024/2403/495 1074/2404/495
f 1116/2405/496 1117/2406/496 1027/2407/496 1073/2408/496
f 1117/2409/497 1116/2410/497 1074/2411/497 1028/2412/497
f 1117/2413/498 1118/2414/498 995/2415/498 1027/2416/498
f 1118/2417/499 1117/2418/499 1028/2419/499 996/2420/499
f 1118/2421/500 1115/2422/500 1023/2423/503 995/2424/504
f 1115/2402/501 1118/2417/501 996/2420/501 1024/2403/501
f 1219/2425/505 1220/2426/506 995/2427/504 1023/2428/503
s 0
f 1119/2429/507 1120/2430/507 1024/2403/507 996/2420/507
s 1
f 1121/2431/508 1122/2432/508 1071/2433/508 1073/2434/508
f 1122/2435/495 1121/2436/495 1074/2437/495 1072/2438/495
f 1122/2439/496 1123/2440/496 1029/2441/496 1071/2442/496
f 1123/2443/497 1122/2444/497 1072/2445/497 1030/2446/497
f 1123/2447/498 1124/2448/498 1027/2449/498 1029/2450/498
f 1124/2451/499 1123/2452/499 1030/2453/499 1028/2454/499
f 1124/2455/500 1121/2456/500 1073/2457/500 1027/2458/500
f 1121/2436/501 1124/2451/501 1028/2454/501 1074/2437/501
f 1125/2459/502 1126/2460/502 1069/2461/502 1071/2462/502
f 1126/2463/495 1125/2464/495 1072/2465/495 1070/2466/495
f 1126/2467/496 1127/2468/496 1031/2469/496 1069/2470/496
f 1127/2471/497 1126/2472/497 1070/2473/497 1032/2474/497
f 1127/2475/498 1128/2476/498 1029/2477/498 1031/2478/498
f 1128/2479/499 1127/2480/499 1032/2481/499 1030/2482/499
f 1128/2483/500 1125/2484/500 1071/2485/500 1029/2486/500
f 1125/2464/501 1128/2479/501 1030/2482/501 1072/2465/501
f 1129/2487/484 1130/2488/484 1067/2489/484 1019/2490/484
f 1130/2491/485 1129/2492/485 1020/2493/485 1068/2494/485
f 1130/2495/486 1131/2496/486 1073/2497/486 1067/2498/486
f 1131/2499/487 1130/2500/487 1068/2501/487 1074/2502/487
f 1131/2496/509 1132/2503/509 1023/2504/509 1073/2497/509
f 1132/2505/491 1131/2506/491 1074/2507/491 1024/2508/491
f 1132/2509/492 1129/2510/492 1019/2511/510 1023/2512/503
f 1129/2492/493 1132/2513/493 1024/2403/493 1020/2493/493
f 1221/2514/511 1219/2425/505 1023/2428/503 1019/2515/510
s 0
f 1120/2430/512 1133/2516/512 1020/2493/512 1024/2403/512
s 1
f 1134/2517/484 1135/2518/484 1065/2519/484 1067/2520/484
f 1135/2521/485 1134/2522/485 1068/2523/485 1066/2524/485
f 1135/2525/486 1136/2526/486 1071/2527/486 1065/2528/486
f 1136/2529/487 1135/2530/487 1066/2531/487 1072/2532/487
f 1136/2526/509 1137/2533/509 1073/2534/509 1071/2527/509
f 1137/2535/491 1136/2536/491 1072/2537/491 1074/2538/491
f 1137/2539/492 1134/2540/492 1067/2541/492 1073/2542/492
f 1134/2522/493 1137/2543/493 1074/2544/493 1068/2523/493
f 1138/2545/484 1139/2546/484 1063/2547/484 1065/2548/484
f 1139/2549/485 1138/2550/485 1066/2551/485 1064/2552/485
f 1139/2553/486 1140/2554/486 1069/2555/486 1063/2556/486
f 1140/2557/487 1139/2558/487 1064/2559/487 1070/2560/487
f 1140/2554/509 1141/2561/509 1071/2562/509 1069/2555/509
f 1141/2563/491 1140/2564/491 1070/2565/491 1072/2566/491
f 1141/2567/492 1138/2568/492 1065/2569/492 1071/2570/492
f 1138/2550/493 1141/2571/493 1072/2572/493 1066/2551/493
f 1142/2573/513 1143/2574/513 1061/2575/513 1015/2303/513
f 1143/2576/475 1142/2577/475 1016/2578/475 1062/2579/475
f 1143/2580/476 1144/2581/476 1067/2582/476 1061/2583/476
f 1144/2584/477 1143/2585/477 1062/2586/477 1068/2587/477
f 1144/2588/480 1145/2589/480 1019/2590/480 1067/2591/480
f 1145/2592/481 1144/2593/481 1068/2594/481 1020/2595/481
f 1145/2596/482 1142/2597/482 1015/2598/514 1019/2599/510
f 1142/2577/483 1145/2592/483 1020/2595/483 1016/2578/483
f 1222/2600/515 1221/2601/511 1019/2602/510 1015/2603/514
s 0
f 1133/2604/516 1146/2605/516 1016/2578/516 1020/2595/516
s 1
f 1147/2606/513 1148/2607/513 1059/2608/513 1061/2609/513
f 1148/2610/475 1147/2611/475 1062/2612/475 1060/2613/475
f 1148/2614/476 1149/2615/476 1065/2203/476 1059/2616/476
f 1149/2617/477 1148/2618/477 1060/2619/477 1066/2620/477
f 1149/2621/480 1150/2622/480 1067/2623/480 1065/2624/480
f 1150/2625/481 1149/2626/481 1066/2627/481 1068/2628/481
f 1150/2629/482 1147/2630/482 1061/2631/482 1067/2632/482
f 1147/2611/483 1150/2625/483 1068/2628/483 1062/2612/483
f 1151/2633/513 1152/2634/513 1057/2635/513 1059/2636/513
f 1152/2637/475 1151/2638/475 1060/2639/475 1058/2327/475
f 1152/2640/476 1153/2641/476 1063/2642/476 1057/2643/476
f 1153/2644/477 1152/2645/477 1058/2646/477 1064/2647/477
f 1153/2648/480 1154/2649/480 1065/2650/480 1063/2651/480
f 1154/2652/481 1153/2653/481 1064/2654/481 1066/2655/481
f 1154/2656/482 1151/2657/482 1059/2658/482 1065/2659/482
f 1151/2638/483 1154/2652/483 1066/2655/483 1060/2639/483
f 1155/2660/464 1156/2661/464 1055/2662/464 1011/2663/464
f 1156/2664/465 1155/2665/465 1012/2666/465 1056/2667/465
f 1156/2668/466 1157/2669/466 1061/2670/466 1055/2671/466
f 1157/2672/467 1156/2673/467 1056/2412/467 1062/2674/467
f 1157/2669/517 1158/2675/517 1015/2676/517 1061/2670/517
f 1158/2677/471 1157/2678/471 1062/2679/471 1016/2680/471
f 1158/2681/472 1155/2682/472 1011/2683/518 1015/2684/514
f 1155/2665/473 1158/2685/473 1016/2578/473 1012/2666/473
f 1223/2686/519 1222/2600/515 1015/2603/514 1011/2687/518
s 0
f 1146/2605/520 1159/2688/520 1012/2666/520 1016/2578/520
s 1
f 1160/2689/464 1161/2690/464 1053/2691/464 1055/2692/464
f 1161/2693/465 1160/2694/465 1056/2695/465 1054/2696/465
f 1161/2697/466 1162/2698/466 1059/2699/466 1053/2700/466
f 1162/2701/467 1161/2702/467 1054/2316/467 1060/2703/467
f 1162/2698/521 1163/2704/521 1061/2705/521 1059/2699/521
f 1163/2706/471 1162/2707/471 1060/2708/471 1062/2709/471
f 1163/2710/472 1160/2711/472 1055/2712/472 1061/2713/472
f 1160/2694/473 1163/2714/473 1062/2715/473 1056/2695/473
f 1164/2716/464 1165/2717/464 1051/2718/464 1053/2719/464
f 1165/2720/465 1164/2721/465 1054/2722/465 1052/2723/465
f 1165/2724/466 1166/2725/466 1057/2726/466 1051/2727/466
f 1166/2728/467 1165/2729/467 1052/2730/467 1058/2731/467
f 1166/2725/517 1167/2732/517 1059/2733/517 1057/2726/517
f 1167/2734/471 1166/2735/471 1058/2736/471 1060/2737/471
f 1167/2738/472 1164/2739/472 1053/2740/472 1059/2741/472
f 1164/2721/473 1167/2742/473 1060/2743/473 1054/2722/473
f 1168/2744/522 1169/2745/522 1049/2746/522 1007/2747/522
f 1169/2748/455 1168/2749/455 1008/2750/455 1050/2751/455
f 1169/2752/456 1170/2753/456 1055/2754/456 1049/2755/456
f 1170/2756/457 1169/2757/457 1050/2758/457 1056/2759/457
f 1170/2760/460 1171/2761/460 1011/2762/460 1055/2763/460
f 1171/2764/461 1170/2765/461 1056/2494/461 1012/2766/461
f 1171/2767/462 1168/2768/462 1007/2599/523 1011/2598/518
f 1168/2749/463 1171/2764/463 1012/2766/463 1008/2750/463
f 1224/2769/524 1223/2770/519 1011/2771/518 1007/2772/523
s 0
f 1159/2773/525 1172/2774/525 1008/2750/525 1012/2766/525
s 1
f 1173/2775/526 1174/2776/526 1047/2777/526 1049/2778/526
f 1174/2779/455 1173/2780/455 1050/2781/455 1048/2782/455
f 1174/2783/456 1175/2784/456 1053/2785/456 1047/2786/456
f 1175/2787/457 1174/2788/457 1048/2789/457 1054/2790/457
f 1175/2791/460 1176/2792/460 1055/2793/460 1053/2794/460
f 1176/2795/461 1175/2796/461 1054/2485/461 1056/2797/461
f 1176/2798/462 1173/2799/462 1049/2800/462 1055/2570/462
f 1173/2780/463 1176/2795/463 1056/2797/463 1050/2781/463
f 1177/2801/522 1178/2802/522 1045/2803/522 1047/2804/522
f 1178/2805/455 1177/2806/455 1048/2807/455 1046/2808/455
f 1178/2809/456 1179/2810/456 1051/2811/456 1045/2812/456
f 1179/2813/457 1178/2644/457 1046/2814/457 1052/2746/457
f 1179/2815/460 1180/2816/460 1053/2817/460 1051/2818/460
f 1180/2819/461 1179/2820/461 1052/2821/461 1054/2822/461
f 1180/2823/462 1177/2824/462 1047/2825/462 1053/2826/462
f 1177/2806/463 1180/2819/463 1054/2822/463 1048/2807/463
f 1181/2827/444 1182/2828/444 1043/2829/444 1003/2830/444
f 1182/2831/445 1181/2832/445 1004/2833/445 1044/2834/445
f 1182/2835/446 1183/2836/446 1049/2837/446 1043/2838/446
f 1183/2839/447 1182/2840/447 1044/2841/447 1050/2842/447
f 1183/2836/527 1184/2843/527 1007/2844/527 1049/2837/527
f 1184/2845/451 1183/2846/451 1050/2847/451 1008/2848/451
f 1184/2849/452 1181/2850/452 1003/2851/528 1007/2852/523
f 1181/2832/453 1184/2853/453 1008/2750/453 1004/2833/453
f 1225/2854/529 1224/2769/524 1007/2772/523 1003/2855/528
s 0
f 1172/2774/530 1185/2856/530 1004/2833/530 1008/2750/530
s 1
f 1186/2857/444 1187/2858/444 1041/2859/444 1043/2860/444
f 1187/2861/445 1186/2862/445 1044/2863/445 1042/2864/445
f 1187/2865/446 1188/2866/446 1047/2867/446 1041/2868/446
f 1188/2869/447 1187/2870/447 1042/2871/447 1048/2872/447
f 1188/2866/527 1189/2873/527 1049/2874/527 1047/2867/527
f 1189/2875/451 1188/2876/451 1048/2877/451 1050/2878/451
f 1189/2879/452 1186/2880/452 1043/2881/452 1049/2882/452
f 1186/2862/453 1189/2883/453 1050/2884/453 1044/2863/453
f 1190/2885/444 1191/2886/444 1039/2887/444 1041/2888/444
f 1191/2889/445 1190/2890/445 1042/2891/445 1040/2892/445
f 1191/2893/446 1192/2894/446 1045/2895/446 1039/2896/446
f 1192/2897/447 1191/2898/447 1040/2899/447 1046/2900/447
f 1192/2894/527 1193/2901/527 1047/2902/527 1045/2895/527
f 1193/2903/451 1192/2904/451 1046/2905/451 1048/2906/451
f 1193/2907/452 1190/2908/452 1041/2570/452 1047/2569/452
f 1190/2890/453 1193/2909/453 1048/2910/453 1042/2891/453
f 1194/2911/531 1195/2912/531 1037/2913/531 999/2914/531
f 1195/2915/435 1194/2916/435 1000/2917/435 1038/2918/435
f 1195/2919/436 1196/2920/436 1043/2921/436 1037/2922/436
f 1196/2923/437 1195/2924/437 1038/2925/437 1044/2921/437
f 1196/2926/440 1197/2927/440 1003/2928/440 1043/2929/440
f 1197/2930/441 1196/2931/441 1044/2932/441 1004/2933/441
f 1197/2934/442 1194/2421/442 999/2935/532 1003/2936/528
f 1194/2916/443 1197/2930/443 1004/2933/443 1000/2917/443
f 1226/2937/533 1225/2938/529 1003/2939/528 999/2940/532
s 0
f 1185/2941/534 1198/2942/534 1000/2917/534 1004/2933/534
s 1
f 1199/2943/531 1200/2944/531 1035/2945/531 1037/2946/531
f 1200/2947/435 1199/2948/435 1038/2949/435 1036/2950/435
f 1200/2951/436 1201/2952/436 1041/2953/436 1035/2954/436
f 1201/2955/437 1200/2529/437 1036/2956/437 1042/2957/437
f 1201/2958/440 1202/2959/440 1043/2960/440 1041/2399/440
f 1202/2961/441 1201/2962/441 1042/2963/441 1044/2964/441
f 1202/2965/442 1199/2966/442 1037/2967/442 1043/2968/442
f 1199/2948/443 1202/2961/443 1044/2964/443 1038/2949/443
f 1203/2969/531 1204/2970/531 1033/2450/531 1035/2971/531
f 1204/2972/435 1203/2973/435 1036/2974/435 1034/2975/435
f 1204/2976/436 1205/2977/436 1039/2978/436 1033/2979/436
f 1205/2980/437 1204/2981/437 1034/2647/437 1040/2646/437
f 1205/2982/440 1206/2983/440 1041/2984/440 1039/2985/440
f 1206/2986/441 1205/2987/441 1040/2988/441 1042/2989/441
f 1206/2990/442 1203/2991/442 1035/2992/442 1041/2993/442
f 1203/2973/443 1206/2986/443 1042/2989/443 1036/2974/443
f 1207/2994/422 1208/2995/422 1027/2996/422 995/2997/422
f 1208/2998/423 1207/2999/423 996/3000/423 1028/3001/423
f 1208/3002/424 1209/3003/424 1037/3004/424 1027/3005/424
f 1209/3006/425 1208/3007/425 1028/3008/425 1038/3009/425
f 1209/3003/535 1210/3010/535 999/3011/535 1037/3004/535
f 1210/3012/431 1209/3013/431 1038/3014/431 1000/3015/431
f 1210/3016/432 1207/3017/432 995/3018/504 999/3019/532
f 1207/2999/433 1210/3020/433 1000/2917/433 996/3000/433
f 1220/3021/506 1226/2937/533 999/2940/532 995/3022/504
s 0
f 1198/2942/536 1119/3023/536 996/3000/536 1000/2917/536
s 1
f 1211/3024/422 1212/3025/422 1029/3026/422 1027/3027/422
f 1212/3028/423 1211/3029/423 1028/3030/423 1030/3031/423
f 1212/3032/424 1213/3033/424 1035/3034/424 1029/3035/424
f 1213/3036/425 1212/3037/425 1030/3038/425 1036/3039/425
f 1213/3033/537 1214/3040/537 1037/3041/537 1035/3034/537
f 1214/3042/431 1213/3043/431 1036/2481/431 1038/3044/431
f 1214/3045/432 1211/3046/432 1027/3047/432 1037/2659/432
f 1211/3029/433 1214/3048/433 1038/3049/433 1028/3030/433
f 1215/3050/422 1216/3051/422 1031/3052/422 1029/3053/422
f 1216/3054/423 1215/3055/423 1030/3056/423 1032/3057/423
f 1216/3058/424 1217/3059/424 1033/3060/424 1031/3061/424
f 1217/3062/425 1216/3063/425 1032/3064/425 1034/3065/425
f 1217/3059/535 1218/3066/535 1035/3067/535 1033/3060/535
f 1218/3068/431 1217/3069/431 1034/3070/431 1036/3071/431
f 1218/3072/432 1215/3073/432 1029/3074/432 1035/3075/432
f 1215/3055/433 1218/3076/433 1036/3077/433 1030/3056/433
s 0
f 1133/3078/538 1120/3079/538 1119/3080/538 1198/3081/538 1185/3082/538 1172/3083/538 1159/3084/538 1146/3085/538
f 1119/3086/539 1198/3087/539 1226/2937/539 1220/3021/539
f 1198/3087/540 1185/3088/540 1225/2938/540 1226/2937/540
f 1185/3089/541 1172/3090/541 1224/2769/541 1225/2854/541
f 1172/3090/542 1159/3091/542 1223/2770/542 1224/2769/542
f 1159/3092/543 1146/3093/543 1222/2600/543 1223/2686/543
f 1146/3093/544 1133/3094/544 1221/2601/544 1222/2600/544
f 1133/3095/545 1120/3096/545 1219/2425/545 1221/2514/545
f 1120/3096/546 1119/3097/546 1220/2426/546 1219/2425/546
s 1
f 1226/3098/547 1220/3099/547 1219/3100/547 1221/3101/547 1222/3102/547 1223/3103/547 1224/3104/547 1225/3105/547
o light_switch
v 0.525000 1.225000 2.500000
v 0.525000 1.375000 2.500000
v 0.573750 1.247500 2.485000
v 0.573750 1.352500 2.485000
v 0.675000 1.225000 2.500000
v 0.675000 1.375000 2.500000
v 0.626250 1.247500 2.485000
v 0.626250 1.352500 2.485000
v 0.525000 1.375000 2.485000
v 0.525000 1.225000 2.485000
v 0.675000 1.225000 2.485000
v 0.675000 1.375000 2.485000
v 0.573750 1.352500 2.492500
v 0.573750 1.247500 2.492500
v 0.626250 1.247500 2.492500
v 0.626250 1.352500 2.492500
vn -1.0000 -0.0000 -0.0000
vn 1.0000 -0.0000 -0.0000
vn -0.0000 -0.0000 1.0000
vn -0.0000 -1.0000 -0.0000
vn -0.0000 1.0000 -0.0000
vn -0.0000 -0.0000 -1.0000
vt 0.533530 0.555486
vt 0.533530 0.447599
vt 0.544319 0.447599
vt 0.544319 0.555486
vt 0.573091 0.480819
vt 0.573091 0.556340
vt 0.567696 0.556340
vt 0.567696 0.480819
vt 0.567696 0.372932
vt 0.578485 0.372932
vt 0.578485 0.480819
vt 0.682783 0.465553
vt 0.587518 0.465553
vt 0.587518 0.370288
vt 0.682783 0.370288
vt 0.529936 0.448453
vt 0.529936 0.556340
vt 0.519147 0.556340
vt 0.519147 0.448453
vt 0.556908 0.480819
vt 0.556908 0.372932
vt 0.601808 0.529856
vt 0.668493 0.529856
vt 0.682783 0.560817
vt 0.587518 0.560817
vt 0.668493 0.496514
vt 0.601808 0.496514
vt 0.583880 0.448453
vt 0.583880 0.486214
vt 0.578485 0.486214
vt 0.578485 0.448453
vt 0.583880 0.523974
vt 0.578485 0.523974
vt 0.578485 0.486214
vt 0.578485 0.448453
vt 0.583880 0.372932
vt 0.519147 0.372932
vt 0.556908 0.448453
s 0
usemtl texture_2
f 1227/3106/548 1228/3107/548 1235/3108/548 1236/3109/548
f 1234/3110/548 1233/3111/548 1241/3112/548 1242/3113/548
f 1237/3113/549 1238/3114/549 1232/3115/549 1231/3116/549
f 1231/3117/550 1232/3118/550 1228/3119/550 1227/3120/550
f 1236/3121/551 1237/3122/551 1231/3123/551 1227/3124/551
f 1238/3114/552 1235/3113/552 1228/3125/552 1232/3126/552
f 1230/3127/553 1229/3128/553 1236/3129/553 1235/3130/553
f 1229/3128/553 1233/3131/553 1237/3117/553 1236/3129/553
f 1234/3132/553 1230/3127/553 1235/3130/553 1238/3118/553
f 1233/3131/553 1234/3132/553 1238/3118/553 1237/3117/553
f 1233/3133/552 1229/3134/552 1240/3135/552 1241/3136/552
f 1230/3134/551 1234/3137/551 1242/3138/551 1239/3139/551
f 1229/3140/549 1230/3115/549 1239/3141/549 1240/3133/549
f 1240/3124/553 1239/3142/553 1242/3126/553 1241/3143/553
o button_light_switch
v 0.576000 1.350250 2.490000
v 0.576000 1.249750 2.490000
v 0.624000 1.249750 2.490000
v 0.624000 1.350250 2.490000
v 0.576000 1.249750 2.485229
v 0.624000 1.249750 2.485229
v 0.576000 1.315075 2.490000
v 0.624000 1.315075 2.490000
v 0.576000 1.315075 2.482500
v 0.624000 1.315075 2.482500
v 0.576000 1.350250 2.487180
v 0.576000 1.342894 2.482500
v 0.576000 1.349265 2.484840
v 0.576000 1.346572 2.483127
v 0.624000 1.342894 2.482500
v 0.624000 1.350250 2.487180
v 0.624000 1.346572 2.483127
v 0.624000 1.349265 2.484840
vn 1.0000 -0.0000 -0.0000
vn -0.0000 -1.0000 -0.0000
vn -0.0000 -0.0000 1.0000
vn -1.0000 -0.0000 -0.0000
vn -0.0000 -0.0417 -0.9991
vn -0.0000 -0.0209 -0.9998
vn -0.0000 0.9802 -0.1980
vn -0.0000 0.7639 -0.6453
vn -0.0000 0.3595 -0.9332
vn -0.0000 0.0843 -0.9964
vn -0.0000 1.0000 -0.0000
vt 0.154072 0.555113
vt 0.154072 0.631277
vt 0.148509 0.631277
vt 0.145328 0.555113
vt 0.172582 0.621148
vt 0.172582 0.565183
vt 0.178145 0.565183
vt 0.178145 0.621148
vt 0.089364 0.555113
vt 0.033399 0.555113
vt 0.033399 0.514102
vt 0.089364 0.514102
vt 0.089364 0.631277
vt 0.033399 0.631277
vt 0.162817 0.555113
vt 0.159635 0.631277
vt 0.089364 0.630005
vt 0.089364 0.554044
vt 0.145328 0.554044
vt 0.145328 0.630005
vt 0.175806 0.565183
vt 0.175806 0.509219
vt 0.178707 0.509219
vt 0.178707 0.565183
vt 0.145328 0.514102
vt 0.145328 0.517322
vt 0.089364 0.517322
vt 0.145328 0.521638
vt 0.089364 0.521638
vt 0.172582 0.565183
vt 0.172582 0.509219
vt 0.154072 0.514102
vt 0.157361 0.514102
vt 0.160089 0.515251
vt 0.162086 0.518390
vt 0.162817 0.522678
vt 0.145328 0.522678
vt 0.146059 0.518390
vt 0.148056 0.515251
vt 0.150784 0.514102
s 1
usemtl texture_2
f 1250/3144/554 1245/3145/554 1248/3146/554 1252/3147/554
f 1245/3148/555 1244/3149/555 1247/3150/555 1248/3151/555
f 1249/3152/556 1250/3153/556 1246/3154/556 1243/3155/556
f 1244/3156/556 1245/3157/556 1250/3153/556 1249/3152/556
f 1244/3145/557 1249/3144/557 1251/3158/557 1247/3159/557
f 1247/3160/558 1251/3161/559 1252/3162/559 1248/3163/558
f 1253/3164/560 1258/3165/560 1260/3166/561 1255/3167/561
f 1255/3155/561 1260/3168/561 1259/3169/562 1256/3170/562
f 1256/3170/562 1259/3169/562 1257/3171/563 1254/3172/563
f 1243/3173/564 1246/3174/564 1258/3165/560 1253/3164/560
f 1249/3144/557 1243/3175/557 1253/3176/557 1255/3177/557 1256/3178/557 1254/3179/557 1251/3158/557
f 1251/3161/559 1254/3172/563 1257/3171/563 1252/3162/559
f 1246/3175/554 1250/3144/554 1252/3147/554 1257/3180/554 1259/3181/554 1260/3182/554 1258/3183/554
o ashtray
v -0.300000 0.860000 -0.067500
v -0.300000 0.886000 -0.066882
v -0.252270 0.860000 -0.047730
v -0.252707 0.886000 -0.047293
v -0.232500 0.860000 -0.000000
v -0.233118 0.886000 -0.000000
v -0.252270 0.860000 0.047730
v -0.252707 0.886000 0.047293
v -0.300000 0.860000 0.067500
v -0.300000 0.886000 0.066882
v -0.347730 0.860000 0.047730
v -0.347293 0.886000 0.047293
v -0.367500 0.860000 -0.000000
v -0.366882 0.886000 -0.000000
v -0.347730 0.860000 -0.047730
v -0.347293 0.886000 -0.047293
v -0.246967 0.886000 -0.053033
v -0.300000 0.886000 -0.075000
v -0.225000 0.886000 -0.000000
v -0.246967 0.886000 0.053033
v -0.300000 0.886000 0.075000
v -0.353033 0.886000 0.053033
v -0.375000 0.886000 -0.000000
v -0.353033 0.886000 -0.053033
v -0.257437 0.862600 -0.042563
v -0.300000 0.862600 -0.060194
v -0.239806 0.862600 -0.000000
v -0.257437 0.862600 0.042563
v -0.300000 0.862600 0.060194
v -0.342563 0.862600 0.042563
v -0.360194 0.862600 -0.000000
v -0.342563 0.862600 -0.042563
v -0.360910 0.860000 -0.015910
v -0.354320 0.860000 -0.031820
v -0.348440 0.862600 -0.028376
v -0.354317 0.862600 -0.014188
v -0.239090 0.860000 0.015910
v -0.245680 0.860000 0.031820
v -0.251560 0.862600 0.028376
v -0.245683 0.862600 0.014188
v -0.364294 0.873000 -0.016794
v -0.357338 0.873000 -0.033588
v -0.235706 0.873000 0.016794
v -0.242662 0.873000 0.033588
v -0.351131 0.873000 -0.029952
v -0.357335 0.873000 -0.014976
v -0.248869 0.873000 0.029952
v -0.242665 0.873000 0.014976
v -0.358344 0.877334 -0.034177
v -0.356492 0.886000 -0.044682
v -0.358832 0.881667 -0.036016
v -0.358154 0.884839 -0.039861
v -0.371541 0.886000 -0.008351
v -0.365422 0.877334 -0.017088
v -0.369307 0.884839 -0.012936
v -0.367067 0.881667 -0.016134
v -0.349959 0.886000 -0.040855
v -0.352028 0.877334 -0.030478
v -0.351651 0.884839 -0.036051
v -0.352408 0.881667 -0.032253
v -0.358341 0.877334 -0.015239
v -0.364215 0.886000 -0.006438
v -0.359864 0.881667 -0.014252
v -0.362014 0.884839 -0.011031
v -0.241657 0.877334 0.034177
v -0.243508 0.886000 0.044682
v -0.241168 0.881667 0.036016
v -0.241846 0.884839 0.039861
v -0.228459 0.886000 0.008351
v -0.234578 0.877334 0.017088
v -0.230693 0.884839 0.012936
v -0.232933 0.881667 0.016134
v -0.250041 0.886000 0.040855
v -0.247972 0.877334 0.030478
v -0.248349 0.884839 0.036051
v -0.247592 0.881667 0.032253
v -0.241659 0.877334 0.015239
v -0.235785 0.886000 0.006438
v -0.240136 0.881667 0.014252
v -0.237986 0.884839 0.011031
vn -0.0000 -0.2772 -0.9608
vn 0.6794 -0.2772 -0.6794
vn 0.9608 -0.2772 -0.0000
vn 0.6794 -0.2772 0.6794
vn -0.0000 -0.2772 0.9608
vn -0.6794 -0.2772 0.6794
vn -0.9608 -0.2772 -0.0000
vn -0.0000 -1.0000 -0.0000
vn -0.0000 1.0000 -0.0000
vn -0.0000 0.2748 0.9615
vn 0.6759 0.2752 0.6837
vn 0.9614 0.2752 -0.0055
vn 0.6799 0.2748 -0.6799
vn -0.0000 0.2748 -0.9615
vn -0.6759 0.2752 -0.6837
vn -0.9614 0.2752 0.0055
vn -0.6799 0.2748 0.6799
vn 0.8877 0.2663 0.3756
vn 0.8933 0.2663 0.3621
vn 0.8912 0.2713 0.3634
vn 0.8872 0.2713 0.3732
vn -0.6794 -0.2772 -0.6794
vn -0.8877 0.2663 -0.3756
vn -0.8933 0.2663 -0.3621
vn -0.8912 0.2713 -0.3634
vn -0.8872 0.2713 -0.3732
vn 0.8927 -0.2575 0.3698
vn -0.8927 -0.2575 -0.3698
vn 0.2507 0.1254 -0.9599
vn 0.2488 0.1753 -0.9525
vn 0.2042 0.5889 -0.7820
vn 0.2179 0.5065 -0.8342
vn 0.1061 0.9075 -0.4063
vn 0.1223 0.8750 -0.4683
vn 0.0257 0.9948 -0.0984
vn 0.0317 0.9921 -0.1213
vn -0.0634 0.9921 0.1082
vn -0.0514 0.9948 0.0877
vn -0.2123 0.9075 0.3624
vn -0.2447 0.8750 0.4177
vn -0.4085 0.5889 0.6974
vn -0.4358 0.5065 0.7440
vn -0.4976 0.1753 0.8495
vn -0.5015 0.1254 0.8560
vn -0.2507 0.1254 0.9599
vn -0.2488 0.1753 0.9525
vn -0.2042 0.5889 0.7820
vn -0.2179 0.5065 0.8342
vn -0.1061 0.9075 0.4063
vn -0.1223 0.8750 0.4683
vn -0.0257 0.9948 0.0984
vn -0.0317 0.9921 0.1213
vn 0.0634 0.9921 -0.1082
vn 0.0514 0.9948 -0.0877
vn 0.2123 0.9075 -0.3624
vn 0.2447 0.8750 -0.4177
vn 0.4085 0.5889 -0.6974
vn 0.4358 0.5065 -0.7440
vn 0.4976 0.1753 -0.8495
vn 0.5015 0.1254 -0.8560
vn -0.5054 -0.0000 0.8629
vn 0.2527 -0.0000 -0.9675
vn 0.8886 0.2571 0.3798
vn 0.8969 0.2571 0.3597
vn 0.5054 -0.0000 -0.8629
vn -0.2527 -0.0000 0.9675
vn -0.8886 0.2571 -0.3798
vn -0.8969 0.2571 -0.3597
vt 0.466493 0.901543
vt 0.497254 0.898035
vt 0.497254 0.968192
vt 0.466493 0.964684
vt 0.198669 0.982856
vt 0.163537 0.992224
vt 0.163788 0.937348
vt 0.198895 0.933468
vt 0.198895 0.863623
vt 0.163788 0.859743
vt 0.163537 0.804868
vt 0.198669 0.814235
vt 0.497254 0.894527
vt 0.466493 0.898035
vt 0.466493 0.827878
vt 0.497254 0.831386
vt 0.237124 0.984490
vt 0.201991 0.993858
vt 0.202242 0.938983
vt 0.237349 0.935102
vt 0.001655 0.791334
vt 0.001655 0.721490
vt 0.051043 0.672102
vt 0.074325 0.672102
vt 0.097606 0.672102
vt 0.120888 0.672102
vt 0.170275 0.721490
vt 0.170275 0.791334
vt 0.120888 0.840722
vt 0.097606 0.840722
vt 0.074325 0.840722
vt 0.051043 0.840722
vt 0.401478 0.936551
vt 0.401478 0.867345
vt 0.411618 0.863145
vt 0.411618 0.940751
vt 0.352542 0.818410
vt 0.356742 0.808270
vt 0.476119 0.817635
vt 0.427183 0.866570
vt 0.417043 0.862370
vt 0.471919 0.807495
vt 0.427183 0.935776
vt 0.417043 0.939976
vt 0.476119 0.984711
vt 0.471919 0.994851
vt 0.352542 0.985486
vt 0.356742 0.995626
vt 0.046928 0.996013
vt 0.002886 0.951971
vt 0.002886 0.889686
vt 0.017566 0.875005
vt 0.032247 0.860324
vt 0.046928 0.845644
vt 0.109212 0.845644
vt 0.153255 0.889686
vt 0.153255 0.951971
vt 0.138574 0.966651
vt 0.123893 0.981332
vt 0.109213 0.996013
vt 0.286374 0.866289
vt 0.291308 0.817353
vt 0.323132 0.825707
vt 0.318691 0.869749
vt 0.273048 0.817353
vt 0.277983 0.866289
vt 0.245666 0.869749
vt 0.241225 0.825707
vt 0.277983 0.935495
vt 0.273048 0.984430
vt 0.241225 0.976076
vt 0.245666 0.932034
vt 0.291308 0.984430
vt 0.286374 0.935494
vt 0.318691 0.932034
vt 0.323132 0.976076
vt 0.343427 0.869115
vt 0.343427 0.847199
vt 0.357506 0.847776
vt 0.357506 0.868538
vt 0.237349 0.865258
vt 0.202242 0.861377
vt 0.201991 0.806502
vt 0.237124 0.815870
vt 0.341876 0.948270
vt 0.341876 0.926355
vt 0.355956 0.926932
vt 0.355956 0.947693
vt 0.198895 0.910186
vt 0.181341 0.910833
vt 0.181341 0.886258
vt 0.198895 0.886905
vt 0.237349 0.911821
vt 0.219796 0.912468
vt 0.219796 0.887893
vt 0.237349 0.888539
vt 0.460717 0.893237
vt 0.451085 0.894567
vt 0.451085 0.869992
vt 0.460717 0.871322
vt 0.460717 0.845417
vt 0.460717 0.869992
vt 0.451085 0.868662
vt 0.451085 0.846747
vt 0.460696 0.932394
vt 0.451185 0.930024
vt 0.451042 0.923792
vt 0.460717 0.926203
vt 0.497551 0.983319
vt 0.496174 0.993290
vt 0.491021 0.994433
vt 0.492415 0.984338
vt 0.484139 0.994851
vt 0.485539 0.984711
vt 0.343122 0.985486
vt 0.344522 0.995626
vt 0.337640 0.995208
vt 0.336246 0.985113
vt 0.332487 0.994065
vt 0.331110 0.984094
vt 0.451042 0.896977
vt 0.460717 0.894567
vt 0.460574 0.900799
vt 0.451063 0.903168
vt 0.460696 0.947007
vt 0.451185 0.944637
vt 0.451042 0.938405
vt 0.460717 0.940816
vt 0.331110 0.819802
vt 0.332487 0.809832
vt 0.337640 0.808689
vt 0.336246 0.818783
vt 0.344522 0.808270
vt 0.343122 0.818410
vt 0.485539 0.817635
vt 0.484139 0.807495
vt 0.491021 0.807913
vt 0.492415 0.818008
vt 0.496174 0.809056
vt 0.497551 0.819027
vt 0.451042 0.911590
vt 0.460717 0.909180
vt 0.460574 0.915411
vt 0.451063 0.917781
vt 0.460389 0.906851
vt 0.451042 0.909180
vt 0.213944 0.887677
vt 0.208093 0.885633
vt 0.203810 0.880480
vt 0.202242 0.873598
vt 0.202242 0.926762
vt 0.203810 0.919880
vt 0.208093 0.914727
vt 0.213944 0.912683
vt 0.460717 0.938405
vt 0.451370 0.936076
vt 0.325832 0.892760
vt 0.325832 0.883339
vt 0.327404 0.876464
vt 0.331697 0.871327
vt 0.337562 0.869307
vt 0.357506 0.889299
vt 0.337562 0.847007
vt 0.331697 0.844986
vt 0.327404 0.839850
vt 0.325832 0.832975
vt 0.325832 0.823554
vt 0.357506 0.827015
vt 0.460389 0.921464
vt 0.451042 0.923792
vt 0.175490 0.886042
vt 0.169639 0.883999
vt 0.165356 0.878845
vt 0.163788 0.871964
vt 0.163788 0.925128
vt 0.165356 0.918246
vt 0.169639 0.913093
vt 0.175490 0.911049
vt 0.460717 0.953018
vt 0.451370 0.950689
vt 0.324282 0.971915
vt 0.324282 0.962494
vt 0.325854 0.955619
vt 0.330147 0.950483
vt 0.336012 0.948462
vt 0.355956 0.968455
vt 0.336012 0.926163
vt 0.330147 0.924142
vt 0.325854 0.919006
vt 0.324282 0.912131
vt 0.324282 0.902710
vt 0.355956 0.906170
s 1
usemtl texture_2
f 1261/3184/565 1278/3185/565 1277/3186/566 1263/3187/566
f 1263/3188/566 1277/3189/566 1279/3190/567 1265/3191/567
f 1267/3192/568 1280/3193/568 1281/3194/569 1269/3195/569
f 1269/3196/569 1281/3197/569 1282/3198/570 1271/3199/570
f 1271/3200/570 1282/3201/570 1283/3202/571 1273/3203/571
f 1261/3204/572 1263/3205/572 1265/3206/572 1297/3207/572 1298/3208/572 1267/3209/572 1269/3210/572 1271/3211/572 1273/3212/572 1293/3213/572 1294/3214/572 1275/3215/572
f 1262/3216/573 1264/3217/573 1277/3218/573 1278/3219/573
f 1264/3217/573 1266/3220/573 1279/3221/573 1277/3218/573
f 1268/3222/573 1270/3223/573 1281/3224/573 1280/3225/573
f 1270/3223/573 1272/3226/573 1282/3227/573 1281/3224/573
f 1272/3226/573 1274/3228/573 1283/3229/573 1282/3227/573
f 1276/3230/573 1262/3216/573 1278/3219/573 1284/3231/573
f 1285/3232/573 1286/3233/573 1292/3234/573 1295/3235/573 1296/3236/573 1291/3237/573 1290/3238/573 1289/3239/573 1288/3240/573 1299/3241/573 1300/3242/573 1287/3243/573
f 1262/3244/574 1276/3245/575 1292/3246/575 1286/3247/574
f 1274/3248/576 1272/3249/577 1290/3250/577 1291/3251/576
f 1270/3252/578 1268/3253/579 1288/3254/579 1289/3255/578
f 1266/3256/580 1264/3257/581 1285/3258/581 1287/3259/580
f 1272/3249/577 1270/3252/578 1289/3255/578 1290/3250/577
f 1264/3257/581 1262/3244/574 1286/3247/574 1285/3258/581
f 1305/3260/582 1306/3261/583 1296/3262/584 1295/3263/585
f 1275/3264/586 1284/3265/586 1278/3266/565 1261/3267/565
f 1307/3268/587 1308/3269/588 1300/3270/589 1299/3271/590
f 1297/3272/591 1303/3273/591 1304/3274/591 1298/3275/591
f 1293/3276/592 1301/3277/592 1302/3278/592 1294/3279/592
f 1305/3280/573 1302/3281/573 1301/3282/573 1306/3283/573
f 1304/3284/573 1303/3285/573 1308/3286/573 1307/3287/573
f 1321/3288/593 1314/3289/594 1316/3290/595 1323/3291/596
f 1323/3292/596 1316/3293/595 1315/3294/597 1324/3295/598
f 1324/3295/598 1315/3294/597 1313/3296/599 1322/3297/600
f 1317/3298/601 1310/3299/602 1312/3300/603 1319/3301/604
f 1319/3301/604 1312/3300/603 1311/3302/605 1320/3303/606
f 1320/3304/606 1311/3305/605 1309/3306/607 1318/3307/608
f 1337/3308/609 1330/3309/610 1332/3310/611 1339/3311/612
f 1339/3312/612 1332/3313/611 1331/3314/613 1340/3315/614
f 1340/3315/614 1331/3314/613 1329/3316/615 1338/3317/616
f 1333/3318/617 1326/3319/618 1328/3320/619 1335/3321/620
f 1335/3321/620 1328/3320/619 1327/3322/621 1336/3323/622
f 1336/3324/622 1327/3325/621 1325/3326/623 1334/3327/624
f 1317/3298/601 1276/3230/573 1284/3231/573 1310/3299/602
f 1318/3307/608 1309/3306/607 1302/3328/625 1305/3329/625
f 1294/3279/592 1302/3278/592 1309/3330/592 1311/3331/592 1312/3332/592 1310/3333/592 1284/3265/586 1275/3264/586
f 1273/3203/571 1283/3202/571 1313/3334/592 1315/3335/592 1316/3336/592 1314/3337/592 1301/3277/592 1293/3276/592
f 1274/3228/573 1322/3297/600 1313/3296/599 1283/3229/573
f 1321/3288/593 1306/3338/626 1301/3339/626 1314/3289/594
f 1276/3340/575 1317/3341/627 1319/3342/627 1320/3343/627 1318/3344/627 1305/3260/582 1295/3263/585 1292/3345/575
f 1321/3346/628 1323/3347/628 1324/3348/628 1322/3349/628 1274/3350/576 1291/3351/576 1296/3262/584 1306/3261/583
f 1333/3318/617 1268/3222/573 1280/3225/573 1326/3319/618
f 1334/3327/624 1325/3326/623 1304/3352/629 1307/3353/629
f 1298/3275/591 1304/3274/591 1325/3354/591 1327/3355/591 1328/3356/591 1326/3357/591 1280/3193/568 1267/3192/568
f 1265/3191/567 1279/3190/567 1329/3358/591 1331/3359/591 1332/3360/591 1330/3361/591 1303/3273/591 1297/3272/591
f 1266/3220/573 1338/3317/616 1329/3316/615 1279/3221/573
f 1337/3308/609 1308/3362/630 1303/3363/630 1330/3309/610
f 1268/3364/579 1333/3365/631 1335/3366/631 1336/3367/631 1334/3368/631 1307/3268/587 1299/3271/590 1288/3369/579
f 1337/3370/632 1339/3371/632 1340/3372/632 1338/3373/632 1266/3374/580 1287/3375/580 1300/3270/589 1308/3269/588
o plastic_cup
v -0.300000 1.010000 0.144221
v -0.260559 1.010000 0.160559
v -0.244221 1.010000 0.200000
v -0.260559 1.010000 0.239441
v -0.300000 1.010000 0.255779
v -0.339441 1.010000 0.239441
v -0.355779 1.010000 0.200000
v -0.339441 1.010000 0.160559
v -0.257574 1.010000 0.157574
v -0.300000 1.010000 0.140000
v -0.240000 1.010000 0.200000
v -0.257574 1.010000 0.242426
v -0.300000 1.010000 0.260000
v -0.342426 1.010000 0.242426
v -0.360000 1.010000 0.200000
v -0.342426 1.010000 0.157574
v -0.300000 0.860000 0.157932
v -0.300000 0.864400 0.153686
v -0.300000 0.861289 0.155101
v -0.270254 0.860000 0.170254
v -0.267251 0.864400 0.167251
v -0.268252 0.861289 0.168252
v -0.257932 0.860000 0.200000
v -0.253686 0.864400 0.200000
v -0.255101 0.861289 0.200000
v -0.270254 0.860000 0.229746
v -0.267251 0.864400 0.232749
v -0.268252 0.861289 0.231748
v -0.300000 0.860000 0.242068
v -0.300000 0.864400 0.246314
v -0.300000 0.861289 0.244899
v -0.329746 0.860000 0.229746
v -0.332749 0.864400 0.232749
v -0.331748 0.861289 0.231748
v -0.342068 0.860000 0.200000
v -0.346314 0.864400 0.200000
v -0.344899 0.861289 0.200000
v -0.329746 0.860000 0.170254
v -0.332749 0.864400 0.167251
v -0.331748 0.861289 0.168252
v -0.271157 0.861865 0.171157
v -0.268212 0.866274 0.168212
v -0.269172 0.863156 0.169172
v -0.300000 0.866274 0.155045
v -0.300000 0.861865 0.159209
v -0.300000 0.863156 0.156402
v -0.259209 0.861865 0.200000
v -0.255045 0.866274 0.200000
v -0.256402 0.863156 0.200000
v -0.271157 0.861865 0.228843
v -0.268212 0.866274 0.231788
v -0.269172 0.863156 0.230828
v -0.300000 0.861865 0.240791
v -0.300000 0.866274 0.244955
v -0.300000 0.863156 0.243598
v -0.328843 0.861865 0.228843
v -0.331788 0.866274 0.231788
v -0.330828 0.863156 0.230828
v -0.340791 0.861865 0.200000
v -0.344955 0.866274 0.200000
v -0.343598 0.863156 0.200000
v -0.328843 0.861865 0.171157
v -0.331788 0.866274 0.168212
v -0.330828 0.863156 0.169172
vn -0.0000 1.0000 -0.0000
vn -0.0000 -0.2478 -0.9688
vn 0.6850 -0.2478 -0.6850
vn 0.5273 -0.6663 -0.5273
vn -0.0000 -0.6663 -0.7457
vn 0.1848 -0.9653 -0.1848
vn -0.0000 -0.9653 -0.2613
vn 0.9688 -0.2478 -0.0000
vn 0.7457 -0.6663 -0.0000
vn 0.2613 -0.9653 -0.0000
vn 0.6850 -0.2478 0.6850
vn 0.5273 -0.6663 0.5273
vn 0.1848 -0.9653 0.1848
vn -0.0000 -0.2478 0.9688
vn -0.0000 -0.6663 0.7457
vn -0.0000 -0.9653 0.2613
vn -0.6850 -0.2478 0.6850
vn -0.5273 -0.6663 0.5273
vn -0.1848 -0.9653 0.1848
vn -0.9688 -0.2478 -0.0000
vn -0.7457 -0.6663 -0.0000
vn -0.2613 -0.9653 -0.0000
vn -0.6850 -0.2478 -0.6850
vn -0.5273 -0.6663 -0.5273
vn -0.1848 -0.9653 -0.1848
vn -0.6879 0.2315 0.6879
vn -0.0000 0.2315 0.9728
vn -0.0000 0.6586 0.7525
vn -0.5321 0.6586 0.5321
vn -0.0000 0.9646 0.2636
vn -0.1864 0.9646 0.1864
vn -0.9728 0.2315 -0.0000
vn -0.7525 0.6586 -0.0000
vn -0.2636 0.9646 -0.0000
vn -0.6879 0.2315 -0.6879
vn -0.5321 0.6586 -0.5321
vn -0.1864 0.9646 -0.1864
vn -0.0000 0.2315 -0.9728
vn -0.0000 0.6586 -0.7525
vn -0.0000 0.9646 -0.2636
vn 0.6879 0.2315 -0.6879
vn 0.5321 0.6586 -0.5321
vn 0.1864 0.9646 -0.1864
vn 0.9728 0.2315 -0.0000
vn 0.7525 0.6586 -0.0000
vn 0.2636 0.9646 -0.0000
vn 0.6879 0.2315 0.6879
vn 0.5321 0.6586 0.5321
vn 0.1864 0.9646 0.1864
vn -0.0000 -0.0936 -0.9956
vn 0.7040 -0.0936 -0.7040
vn -0.7040 -0.0936 -0.7040
vn 0.9956 -0.0936 -0.0000
vn 0.7040 -0.0936 0.7040
vn -0.0000 -0.0936 0.9956
vn -0.7040 -0.0936 0.7040
vn -0.9956 -0.0936 -0.0000
vn -0.7051 0.0751 0.7051
vn -0.0000 0.0751 0.9972
vn -0.9972 0.0751 -0.0000
vn 0.7051 0.0751 0.7051
vn -0.7051 0.0751 -0.7051
vn -0.0000 0.0751 -0.9972
vn 0.7051 0.0751 -0.7051
vn 0.9972 0.0751 -0.0000
vt 0.653893 0.080637
vt 0.678920 0.105664
vt 0.677581 0.108898
vt 0.650659 0.081976
vt 0.714314 0.105664
vt 0.715654 0.108898
vt 0.739342 0.080637
vt 0.742575 0.081976
vt 0.739342 0.045243
vt 0.742575 0.043903
vt 0.714314 0.020215
vt 0.715654 0.016982
vt 0.678920 0.020215
vt 0.677581 0.016982
vt 0.653893 0.045243
vt 0.650659 0.043903
vt 0.734894 0.340985
vt 0.762629 0.339762
vt 0.763352 0.343196
vt 0.736464 0.344382
vt 0.663399 0.074567
vt 0.663399 0.046076
vt 0.665568 0.046974
vt 0.665568 0.073668
vt 0.801863 0.338352
vt 0.801389 0.341828
vt 0.683545 0.025930
vt 0.684443 0.028099
vt 0.879249 0.173886
vt 0.907010 0.173753
vt 0.907599 0.177213
vt 0.880685 0.177341
vt 0.712035 0.025930
vt 0.711137 0.028099
vt 0.946271 0.173886
vt 0.945659 0.177341
vt 0.732181 0.046076
vt 0.730013 0.046974
vt 0.739856 0.523909
vt 0.767591 0.522685
vt 0.768314 0.526119
vt 0.741427 0.527305
vt 0.732181 0.074567
vt 0.730013 0.073668
vt 0.806826 0.521275
vt 0.806351 0.524752
vt 0.712035 0.094712
vt 0.711137 0.092544
vt 0.756457 0.173886
vt 0.784219 0.173753
vt 0.784807 0.177213
vt 0.757893 0.177341
vt 0.683545 0.094712
vt 0.684443 0.092544
vt 0.823479 0.173886
vt 0.822867 0.177341
vt 0.892577 0.351474
vt 0.919474 0.349822
vt 0.920287 0.353215
vt 0.894202 0.354817
vt 0.709784 0.179053
vt 0.682119 0.179053
vt 0.683010 0.176903
vt 0.708894 0.176903
vt 0.845229 0.525614
vt 0.883245 0.522968
vt 0.882910 0.526442
vt 0.846041 0.529008
vt 0.729346 0.159491
vt 0.727196 0.158600
vt 0.818332 0.527266
vt 0.819956 0.530609
vt 0.729346 0.131826
vt 0.727196 0.132717
vt 0.827694 0.349822
vt 0.865711 0.347176
vt 0.865376 0.350649
vt 0.828507 0.353215
vt 0.709784 0.112264
vt 0.708894 0.114414
vt 0.800797 0.351474
vt 0.802422 0.354817
vt 0.682119 0.112264
vt 0.683010 0.114414
vt 0.914162 0.520455
vt 0.952271 0.520584
vt 0.951684 0.524024
vt 0.914726 0.523899
vt 0.662557 0.131826
vt 0.664707 0.132717
vt 0.957491 0.347176
vt 0.984358 0.345086
vt 0.983212 0.348623
vt 0.957156 0.350649
vt 0.662557 0.159491
vt 0.664707 0.158600
vt 0.829824 0.012534
vt 0.865788 0.012948
vt 0.851239 0.174206
vt 0.778962 0.012362
vt 0.751034 0.178702
vt 0.801863 0.176875
vt 0.865788 0.012534
vt 0.901754 0.012362
vt 0.952616 0.012534
vt 0.988580 0.012948
vt 0.974031 0.174206
vt 0.755996 0.361625
vt 0.806826 0.359798
vt 0.742997 0.012534
vt 0.876777 0.363941
vt 0.910112 0.361348
vt 0.910112 0.520879
vt 0.829607 0.367224
vt 0.903853 0.191432
vt 0.951022 0.188149
vt 0.859242 0.188149
vt 0.892577 0.185556
vt 0.892577 0.345086
vt 0.812072 0.191432
vt 0.957395 0.361508
vt 0.990831 0.361348
vt 0.979218 0.520455
vt 0.984358 0.185556
s 1
usemtl texture_3
f 1341/3376/633 1342/3377/633 1349/3378/633 1350/3379/633
f 1342/3377/633 1343/3380/633 1351/3381/633 1349/3378/633
f 1343/3380/633 1344/3382/633 1352/3383/633 1351/3381/633
f 1344/3382/633 1345/3384/633 1353/3385/633 1352/3383/633
f 1345/3384/633 1346/3386/633 1354/3387/633 1353/3385/633
f 1346/3386/633 1347/3388/633 1355/3389/633 1354/3387/633
f 1347/3388/633 1348/3390/633 1356/3391/633 1355/3389/633
f 1348/3390/633 1341/3376/633 1350/3379/633 1356/3391/633
f 1358/3392/634 1361/3393/635 1362/3394/636 1359/3395/637
f 1359/3396/637 1362/3397/636 1360/3398/638 1357/3399/639
f 1361/3393/635 1364/3400/640 1365/3401/641 1362/3394/636
f 1362/3397/636 1365/3402/641 1363/3403/642 1360/3398/638
f 1364/3404/640 1367/3405/643 1368/3406/644 1365/3407/641
f 1365/3402/641 1368/3408/644 1366/3409/645 1363/3403/642
f 1367/3405/643 1370/3410/646 1371/3411/647 1368/3406/644
f 1368/3408/644 1371/3412/647 1369/3413/648 1366/3409/645
f 1370/3414/646 1373/3415/649 1374/3416/650 1371/3417/647
f 1371/3412/647 1374/3418/650 1372/3419/651 1369/3413/648
f 1373/3415/649 1376/3420/652 1377/3421/653 1374/3416/650
f 1374/3418/650 1377/3422/653 1375/3423/654 1372/3419/651
f 1376/3424/652 1379/3425/655 1380/3426/656 1377/3427/653
f 1377/3422/653 1380/3428/656 1378/3429/657 1375/3423/654
f 1379/3425/655 1358/3430/634 1359/3431/637 1380/3426/656
f 1380/3428/656 1359/3396/637 1357/3399/639 1378/3429/657
f 1382/3432/658 1384/3433/659 1386/3434/660 1383/3435/661
f 1383/3436/661 1386/3437/660 1385/3438/662 1381/3439/663
f 1388/3440/664 1382/3441/658 1383/3442/661 1389/3443/665
f 1389/3444/665 1383/3436/661 1381/3439/663 1387/3445/666
f 1391/3446/667 1388/3440/664 1389/3443/665 1392/3447/668
f 1392/3448/668 1389/3444/665 1387/3445/666 1390/3449/669
f 1394/3450/670 1391/3451/667 1392/3452/668 1395/3453/671
f 1395/3454/671 1392/3448/668 1390/3449/669 1393/3455/672
f 1397/3456/673 1394/3450/670 1395/3453/671 1398/3457/674
f 1398/3458/674 1395/3454/671 1393/3455/672 1396/3459/675
f 1400/3460/676 1397/3461/673 1398/3462/674 1401/3463/677
f 1401/3464/677 1398/3458/674 1396/3459/675 1399/3465/678
f 1403/3466/679 1400/3467/676 1401/3468/677 1404/3469/680
f 1404/3470/680 1401/3464/677 1399/3465/678 1402/3471/681
f 1384/3433/659 1403/3466/679 1404/3469/680 1386/3434/660
f 1386/3437/660 1404/3470/680 1402/3471/681 1385/3438/662
f 1357/3399/639 1360/3398/638 1363/3403/642 1366/3409/645 1369/3413/648 1372/3419/651 1375/3423/654 1378/3429/657
f 1358/3430/634 1350/3472/682 1349/3473/683 1361/3474/635
f 1379/3425/655 1356/3475/684 1350/3472/682 1358/3430/634
f 1361/3393/635 1349/3476/683 1351/3477/685 1364/3400/640
f 1364/3404/640 1351/3478/685 1352/3479/686 1367/3405/643
f 1367/3405/643 1352/3479/686 1353/3480/687 1370/3410/646
f 1370/3410/646 1353/3480/687 1354/3481/688 1373/3482/649
f 1373/3415/649 1354/3483/688 1355/3484/689 1376/3420/652
f 1376/3424/652 1355/3485/689 1356/3475/684 1379/3425/655
f 1342/3486/690 1341/3487/691 1384/3488/659 1382/3441/658
f 1381/3439/663 1385/3438/662 1402/3471/681 1399/3465/678 1396/3459/675 1393/3455/672 1390/3449/669 1387/3445/666
f 1343/3489/692 1342/3486/690 1382/3441/658 1388/3440/664
f 1341/3490/691 1348/3491/693 1403/3466/679 1384/3433/659
f 1344/3492/694 1343/3493/692 1388/3494/664 1391/3451/667
f 1345/3495/695 1344/3492/694 1391/3451/667 1394/3450/670
f 1346/3496/696 1345/3497/695 1394/3498/670 1397/3461/673
f 1347/3487/697 1346/3496/696 1397/3461/673 1400/3460/676
f 1348/3491/693 1347/3499/697 1400/3467/676 1403/3466/679
o chair_2
v -0.637238 0.460000 -1.914397
v -0.637225 0.500017 -1.914407
v -0.055643 0.460000 -2.204649
v -0.055659 0.500017 -2.204645
v -0.073233 0.493054 -2.239896
v -0.654829 0.493054 -1.949643
v -0.160746 1.182420 -2.332072
v -0.124411 1.143027 -2.342443
v -0.148832 1.154548 -2.332525
v -0.147792 1.179421 -2.337946
v -0.136338 1.170882 -2.341980
v -0.128127 1.158102 -2.343559
v -0.706006 1.143027 -2.052190
v -0.675874 1.182420 -2.074991
v -0.683398 1.154548 -2.065743
v -0.704663 1.158102 -2.055831
v -0.698465 1.170882 -2.061443
v -0.688356 1.179421 -2.068171
v -0.658283 1.189365 -2.039744
v -0.688416 1.149973 -2.016943
v -0.665808 1.161494 -2.030496
v -0.670765 1.186367 -2.032924
v -0.680875 1.177828 -2.026196
v -0.687073 1.165048 -2.020584
v -0.106820 1.149973 -2.307196
v -0.143156 1.189365 -2.296825
v -0.131242 1.161494 -2.297278
v -0.110537 1.165048 -2.308312
v -0.118748 1.177828 -2.306733
v -0.130202 1.186367 -2.302700
v -0.652435 0.485201 -1.944846
v -0.641567 0.464524 -1.923070
v -0.650330 0.479435 -1.940628
v -0.647525 0.473481 -1.935008
v -0.644448 0.468245 -1.928843
v -0.059971 0.464524 -2.213323
v -0.070839 0.485201 -2.235099
v -0.062853 0.468245 -2.219096
v -0.065930 0.473481 -2.225261
v -0.068734 0.479435 -2.230881
v -0.640314 1.152875 -2.086915
v -0.677979 1.103635 -2.058414
v -0.660565 1.146278 -2.075509
v -0.674352 1.128255 -2.065076
v -0.660389 1.110581 -2.023168
v -0.622723 1.159821 -2.051669
v -0.656761 1.135201 -2.029830
v -0.642975 1.153224 -2.040262
v -0.146235 1.103635 -2.323789
v -0.191654 1.152875 -2.310825
v -0.153739 1.128255 -2.324895
v -0.170363 1.146278 -2.320150
v -0.174064 1.159821 -2.275578
v -0.128644 1.110581 -2.288542
v -0.152773 1.153224 -2.284904
v -0.136148 1.135201 -2.289649
v -0.636107 0.571839 -1.974513
v -0.590687 0.522598 -1.987476
v -0.654802 0.493089 -1.949664
v -0.628602 0.547219 -1.973406
v -0.611978 0.529195 -1.978151
v -0.573097 0.529544 -1.952229
v -0.618516 0.578785 -1.939266
v -0.594387 0.536141 -1.942904
v -0.611012 0.554164 -1.938159
v -0.142028 0.522598 -2.211386
v -0.104362 0.571839 -2.239887
v -0.073265 0.493089 -2.239887
v -0.121776 0.529195 -2.222793
v -0.107989 0.547219 -2.233225
v -0.086772 0.578785 -2.204640
v -0.124437 0.529544 -2.176139
v -0.090399 0.554164 -2.197978
v -0.104185 0.536141 -2.187546
v -0.322060 0.460000 -1.345241
v -0.360382 0.460000 -1.359644
v -0.336317 0.460000 -1.342617
v -0.350344 0.460000 -1.347889
v -0.360381 0.500001 -1.359644
v -0.322060 0.500000 -1.345241
v -0.350344 0.500000 -1.347889
v -0.336317 0.500000 -1.342617
v 0.221214 0.460000 -1.649897
v 0.209684 0.460000 -1.610615
v 0.224572 0.460000 -1.634809
v 0.220352 0.460000 -1.620431
v 0.209684 0.500000 -1.610615
v 0.221213 0.500001 -1.649897
v 0.220352 0.500000 -1.620431
v 0.224572 0.500000 -1.634809
v -0.343418 -0.000000 -1.404153
v -0.350124 0.460000 -1.406674
v -0.323062 -0.000000 -1.414312
v -0.321045 0.460000 -1.421186
v -0.332478 -0.000000 -1.382231
v -0.334495 0.460000 -1.375357
v -0.312122 -0.000000 -1.392390
v -0.305416 0.460000 -1.389870
v 0.155092 -0.000000 -1.652941
v 0.148386 0.460000 -1.655462
v 0.175448 -0.000000 -1.663100
v 0.177466 0.460000 -1.669975
v 0.166033 -0.000000 -1.631020
v 0.164015 0.460000 -1.624145
v 0.186388 -0.000000 -1.641178
v 0.193095 0.460000 -1.638658
v -0.589017 -0.000000 -1.896272
v -0.595723 0.460000 -1.898793
v -0.568661 -0.000000 -1.906431
v -0.566643 0.460000 -1.913306
v -0.578076 -0.000000 -1.874351
v -0.580094 0.460000 -1.867476
v -0.557721 -0.000000 -1.884510
v -0.551014 0.460000 -1.881989
v -0.090507 -0.000000 -2.145061
v -0.097213 0.460000 -2.147581
v -0.070151 -0.000000 -2.155220
v -0.068133 0.460000 -2.162094
v -0.079566 -0.000000 -2.123139
v -0.081584 0.460000 -2.116264
v -0.059210 -0.000000 -2.133298
v -0.052504 0.460000 -2.130777
v -0.197623 0.526071 -2.161627
v -0.194690 0.524769 -2.171346
v -0.198130 0.525150 -2.167211
v -0.245092 1.164894 -2.272339
v -0.248025 1.166196 -2.262620
v -0.248532 1.165275 -2.268204
v -0.185161 0.526071 -2.167847
v -0.189318 0.525150 -2.171609
v -0.235563 1.166196 -2.268840
v -0.239720 1.165275 -2.272602
v -0.188094 0.527374 -2.158128
v -0.193466 0.526992 -2.157865
v -0.238496 1.167499 -2.259121
v -0.243868 1.167117 -2.258858
v -0.184654 0.526992 -2.162263
v -0.235056 1.167117 -2.263256
v -0.280708 0.526071 -2.120162
v -0.277775 0.524769 -2.129881
v -0.281215 0.525150 -2.125746
v -0.328177 1.164894 -2.230874
v -0.331110 1.166196 -2.221155
v -0.331617 1.165275 -2.226739
v -0.268246 0.526071 -2.126382
v -0.272403 0.525150 -2.130144
v -0.318648 1.166196 -2.227375
v -0.322805 1.165275 -2.231138
v -0.271179 0.527374 -2.116663
v -0.276551 0.526992 -2.116400
v -0.321581 1.167499 -2.217657
v -0.326953 1.167117 -2.217393
v -0.267739 0.526992 -2.120798
v -0.318141 1.167117 -2.221791
v -0.363793 0.526071 -2.078698
v -0.360860 0.524769 -2.088416
v -0.364301 0.525150 -2.084282
v -0.411262 1.164894 -2.189409
v -0.414195 1.166196 -2.179691
v -0.414702 1.165275 -2.185275
v -0.351331 0.526071 -2.084918
v -0.355488 0.525150 -2.088680
v -0.401733 1.166196 -2.185910
v -0.405890 1.165275 -2.189673
v -0.354264 0.527374 -2.075199
v -0.359636 0.526992 -2.074935
v -0.404666 1.167499 -2.176192
v -0.410038 1.167117 -2.175929
v -0.350824 0.526992 -2.079334
v -0.401226 1.167117 -2.180326
v -0.446879 0.526071 -2.037233
v -0.443945 0.524769 -2.046952
v -0.447386 0.525150 -2.042817
v -0.494347 1.164894 -2.147945
v -0.497280 1.166196 -2.138226
v -0.497787 1.165275 -2.143810
v -0.434416 0.526071 -2.043453
v -0.438573 0.525150 -2.047215
v -0.484818 1.166196 -2.144446
v -0.488975 1.165275 -2.148208
v -0.437349 0.527374 -2.033734
v -0.442721 0.526992 -2.033471
v -0.487751 1.167499 -2.134727
v -0.493123 1.167117 -2.134464
v -0.433909 0.526992 -2.037869
v -0.484311 1.167117 -2.138862
v -0.529964 0.526071 -1.995768
v -0.527030 0.524769 -2.005487
v -0.530471 0.525150 -2.001352
v -0.577432 1.164894 -2.106480
v -0.580365 1.166196 -2.096761
v -0.580873 1.165275 -2.102345
v -0.517501 0.526071 -2.001988
v -0.521658 0.525150 -2.005750
v -0.567903 1.166196 -2.102981
v -0.572060 1.165275 -2.106743
v -0.520434 0.527374 -1.992269
v -0.525806 0.526992 -1.992006
v -0.570836 1.167499 -2.093262
v -0.576208 1.167117 -2.092999
v -0.516994 0.526992 -1.996404
v -0.567396 1.167117 -2.097397
vn -0.4398 -0.1736 -0.8812
vn 0.4398 0.1736 0.8812
vn 0.4398 0.1737 0.8812
vn -0.8981 0.0898 0.4306
vn -0.8625 0.3552 0.3605
vn -0.7069 0.6721 0.2203
vn -0.4336 0.9003 0.0390
vn -0.1713 0.9793 -0.1075
vn 0.8840 0.0898 -0.4588
vn 0.8066 0.3552 -0.4725
vn 0.6010 0.6721 -0.4324
vn 0.2918 0.9003 -0.3230
vn 0.0171 0.9793 -0.2015
vn 0.8948 0.0002 -0.4464
vn 0.8949 0.0002 -0.4463
vn -0.8947 0.0002 0.4468
vn -0.8947 0.0002 0.4467
vn -0.3576 -0.5990 -0.7165
vn -0.3271 -0.6807 -0.6555
vn -0.2891 -0.7621 -0.5793
vn -0.2471 -0.8329 -0.4952
vn -0.2062 -0.8870 -0.4131
vn -0.8946 0.0003 0.4468
vn -0.8947 0.0003 0.4466
vn -0.0967 -0.9763 -0.1938
vn -0.4136 -0.3772 -0.8287
vn 0.8948 0.0003 -0.4464
vn 0.8949 0.0003 -0.4463
vn -0.2020 0.9751 -0.0913
vn -0.5350 0.8387 0.1017
vn -0.8238 0.4688 0.3187
vn -0.8976 0.1198 0.4243
vn -0.8787 -0.1198 0.4621
vn -0.7500 -0.4688 0.4667
vn -0.4029 -0.8387 0.3664
vn -0.0485 -0.9751 0.2164
vn 0.8787 0.1198 -0.4621
vn 0.7500 0.4688 -0.4667
vn 0.4029 0.8387 -0.3664
vn 0.0485 0.9751 -0.2164
vn 0.2020 -0.9751 0.0913
vn 0.5350 -0.8387 -0.1017
vn 0.8238 -0.4688 -0.3187
vn 0.8976 -0.1198 -0.4243
vn 0.5674 -0.0000 0.8234
vn 0.8493 -0.0000 0.5280
vn 0.9994 -0.0000 0.0332
vn 0.9424 0.0001 -0.3344
vn -0.8338 0.0001 0.5520
vn -0.5743 -0.0000 0.8186
vn -0.0887 -0.0000 0.9961
vn 0.3169 -0.0000 0.9485
vn -0.0000 -1.0000 -0.0000
vn -0.0000 1.0000 -0.0000
vn -0.4465 -0.0114 -0.8947
vn 0.8947 -0.0106 -0.4465
vn 0.4465 -0.0114 0.8947
vn -0.8947 -0.0106 0.4465
vn -0.8948 -0.0000 0.4465
vn -0.9518 -0.1195 -0.2826
vn 0.8948 -0.0000 -0.4465
vn 0.3463 -0.1195 -0.9305
vn 0.9518 0.1195 0.2826
vn -0.3463 0.1195 0.9305
vn 0.0775 -0.9848 0.1554
vn -0.0775 0.9848 -0.1554
vt 0.897913 0.173466
vt 0.901399 0.174213
vt 0.900577 0.180406
vt 0.904354 0.176339
vt 0.906328 0.179521
vt 0.907022 0.183274
vt 0.747622 0.183274
vt 0.748316 0.179521
vt 0.754067 0.180406
vt 0.750290 0.176339
vt 0.753245 0.174213
vt 0.756731 0.173466
vt 0.897913 0.350469
vt 0.901399 0.351215
vt 0.900577 0.357406
vt 0.904354 0.353341
vt 0.906328 0.356522
vt 0.907022 0.360273
vt 0.747622 0.360273
vt 0.748316 0.356522
vt 0.754067 0.357406
vt 0.750290 0.353341
vt 0.753245 0.351215
vt 0.756731 0.350469
vt 0.773182 0.369260
vt 0.769062 0.372538
vt 0.767799 0.370955
vt 0.771919 0.367677
vt 0.766709 0.369602
vt 0.770829 0.366324
vt 0.920026 0.156542
vt 0.910231 0.156542
vt 0.910348 0.153587
vt 0.920142 0.153587
vt 0.910389 0.150102
vt 0.920183 0.150102
vt 0.886390 0.372538
vt 0.882269 0.369260
vt 0.883532 0.367678
vt 0.887653 0.370955
vt 0.884622 0.366324
vt 0.888743 0.369602
vt 0.910231 0.002479
vt 0.920026 0.002479
vt 0.920142 0.005434
vt 0.910348 0.005434
vt 0.920183 0.008919
vt 0.910389 0.008919
vt 0.832349 0.440516
vt 0.828227 0.437240
vt 0.827224 0.437240
vt 0.823102 0.440516
vt 0.949887 0.341461
vt 0.949887 0.500861
vt 0.948310 0.500861
vt 0.948310 0.341461
vt 0.946627 0.500861
vt 0.946627 0.341461
vt 0.904702 0.169055
vt 0.745303 0.169055
vt 0.745303 0.167406
vt 0.904702 0.167406
vt 0.745303 0.165853
vt 0.904702 0.165853
vt 0.827530 0.438453
vt 0.827687 0.439421
vt 0.827726 0.440559
vt 0.827641 0.441695
vt 0.827444 0.442656
vt 0.827045 0.444006
vt 0.745303 0.163512
vt 0.904702 0.163512
vt 0.951995 0.341461
vt 0.951995 0.500861
vt 0.828407 0.444006
vt 0.828007 0.442656
vt 0.827811 0.441695
vt 0.827765 0.439421
vt 0.827921 0.438453
vt 0.765839 0.180822
vt 0.760147 0.182465
vt 0.755979 0.186952
vt 0.754454 0.193082
vt 0.900190 0.370078
vt 0.898665 0.363950
vt 0.894497 0.359464
vt 0.888805 0.357822
vt 0.900190 0.193082
vt 0.898665 0.186952
vt 0.894497 0.182465
vt 0.888805 0.180822
vt 0.765839 0.357822
vt 0.760147 0.359464
vt 0.755979 0.363950
vt 0.754454 0.370078
vt 0.754454 0.325486
vt 0.755979 0.331615
vt 0.747630 0.345092
vt 0.760147 0.336103
vt 0.765839 0.337745
vt 0.888805 0.514693
vt 0.894497 0.513051
vt 0.907018 0.522042
vt 0.898665 0.508565
vt 0.900190 0.502437
vt 0.888805 0.337745
vt 0.894497 0.336103
vt 0.907014 0.345092
vt 0.898665 0.331615
vt 0.900190 0.325486
vt 0.754454 0.502437
vt 0.755979 0.508565
vt 0.747626 0.522042
vt 0.760147 0.513051
vt 0.765839 0.514693
vt 0.969230 0.358958
vt 0.969230 0.349163
vt 0.974923 0.349254
vt 0.974923 0.359048
vt 0.919260 0.312711
vt 0.909451 0.312714
vt 0.909408 0.308110
vt 0.919216 0.308107
vt 0.909392 0.301939
vt 0.919200 0.301936
vt 0.919200 0.169565
vt 0.909392 0.169568
vt 0.909408 0.163483
vt 0.919216 0.163480
vt 0.909451 0.159114
vt 0.919260 0.159111
vt 0.969538 0.370850
vt 0.969538 0.361142
vt 0.975231 0.361376
vt 0.975231 0.371085
vt 0.919319 0.301936
vt 0.929128 0.301939
vt 0.929112 0.308110
vt 0.919303 0.308107
vt 0.929069 0.312714
vt 0.919260 0.312711
vt 0.969538 0.380969
vt 0.969538 0.371175
vt 0.975231 0.380879
vt 0.969230 0.339455
vt 0.974923 0.339220
vt 0.974923 0.348929
vt 0.919260 0.159111
vt 0.929069 0.159114
vt 0.929112 0.163483
vt 0.919303 0.163480
vt 0.929128 0.169568
vt 0.919319 0.169565
vt 0.918965 0.436818
vt 0.909257 0.436818
vt 0.909257 0.313852
vt 0.918965 0.313852
vt 0.747622 0.345101
vt 0.907022 0.345101
vt 0.928760 0.436818
vt 0.928760 0.313852
vt 0.920324 0.151631
vt 0.930033 0.151631
vt 0.929892 0.155047
vt 0.920183 0.155047
vt 0.888743 0.504171
vt 0.884802 0.507659
vt 0.883809 0.506597
vt 0.887750 0.503109
vt 0.882488 0.505126
vt 0.886429 0.501638
vt 0.769022 0.501638
vt 0.772963 0.505126
vt 0.771642 0.506597
vt 0.767701 0.503109
vt 0.770650 0.507659
vt 0.766709 0.504171
vt 0.920183 0.002479
vt 0.929892 0.002479
vt 0.930033 0.005894
vt 0.920324 0.005894
vt 0.745303 0.011543
vt 0.746218 0.007866
vt 0.748719 0.005175
vt 0.752134 0.004189
vt 0.897871 0.004189
vt 0.901287 0.005175
vt 0.903787 0.007866
vt 0.904702 0.011543
vt 0.764324 0.201069
vt 0.765125 0.198274
vt 0.767313 0.196228
vt 0.770301 0.195479
vt 0.893831 0.195482
vt 0.893831 0.325915
vt 0.770301 0.325918
vt 0.767313 0.325169
vt 0.765125 0.323123
vt 0.764324 0.320328
vt 0.960786 0.277596
vt 0.959590 0.165977
vt 0.967560 0.165977
vt 0.966365 0.277596
vt 0.981283 0.392172
vt 0.979971 0.279451
vt 0.988554 0.279451
vt 0.987291 0.392172
vt 0.992284 0.276926
vt 0.991089 0.165461
vt 0.999059 0.165461
vt 0.997863 0.276926
vt 0.954116 0.392172
vt 0.952853 0.279451
vt 0.961436 0.279451
vt 0.960124 0.392172
vt 0.972067 0.311623
vt 0.972067 0.305618
vt 0.977646 0.305618
vt 0.977646 0.311623
vt 0.979836 0.288368
vt 0.979836 0.296890
vt 0.971866 0.296890
vt 0.971866 0.288368
vt 0.946610 0.340349
vt 0.945415 0.228730
vt 0.953385 0.228730
vt 0.952189 0.340349
vt 0.933524 0.343961
vt 0.932213 0.231240
vt 0.940795 0.231240
vt 0.939533 0.343961
vt 0.949605 0.112630
vt 0.948409 0.001165
vt 0.956379 0.001165
vt 0.955184 0.112630
vt 0.991619 0.393033
vt 0.990356 0.280312
vt 0.998939 0.280312
vt 0.997627 0.393033
vt 0.972067 0.317629
vt 0.977646 0.317629
vt 0.979858 0.279517
vt 0.979858 0.288038
vt 0.971888 0.288038
vt 0.971888 0.279517
vt 0.941315 0.226595
vt 0.940119 0.114976
vt 0.948089 0.114976
vt 0.946894 0.226595
vt 0.939453 0.344086
vt 0.940765 0.456806
vt 0.932182 0.456806
vt 0.933445 0.344086
vt 0.941635 0.112630
vt 0.940439 0.001165
vt 0.948409 0.001165
vt 0.947214 0.112630
vt 0.975799 0.279283
vt 0.974536 0.166562
vt 0.983119 0.166562
vt 0.981807 0.279283
vt 0.971968 0.317883
vt 0.977974 0.317883
vt 0.977974 0.323462
vt 0.971968 0.323462
vt 0.976175 0.329774
vt 0.976175 0.338296
vt 0.968205 0.338296
vt 0.968205 0.329774
vt 0.984314 0.277081
vt 0.983119 0.165461
vt 0.989893 0.277081
vt 0.933168 0.113885
vt 0.931856 0.001165
vt 0.940439 0.001165
vt 0.939176 0.113885
vt 0.949285 0.226441
vt 0.948089 0.114976
vt 0.956059 0.114976
vt 0.954864 0.226441
vt 0.932799 0.227696
vt 0.931536 0.114976
vt 0.940119 0.114976
vt 0.938807 0.227696
vt 0.971968 0.323462
vt 0.977974 0.323462
vt 0.977974 0.329041
vt 0.971968 0.329041
vt 0.979880 0.296989
vt 0.979880 0.305511
vt 0.971910 0.305511
vt 0.971910 0.296989
vt 0.964667 0.163240
vt 0.964667 0.003905
vt 0.965963 0.003890
vt 0.965963 0.163226
vt 0.988628 0.163265
vt 0.988628 0.003890
vt 0.989836 0.003900
vt 0.989836 0.163275
vt 0.964075 0.279262
vt 0.964075 0.438598
vt 0.962780 0.438583
vt 0.962780 0.279248
vt 0.991043 0.003890
vt 0.991043 0.163265
vt 0.970439 0.166305
vt 0.970439 0.325626
vt 0.969232 0.325643
vt 0.969232 0.166322
vt 0.965381 0.279248
vt 0.965381 0.438584
vt 0.963362 0.163226
vt 0.963362 0.003891
vt 0.971647 0.166322
vt 0.971647 0.325643
vt 0.977412 0.351505
vt 0.976479 0.350570
vt 0.976479 0.349189
vt 0.977412 0.348171
vt 0.978730 0.348111
vt 0.979663 0.349046
vt 0.979663 0.350426
vt 0.978730 0.351445
vt 0.978688 0.351594
vt 0.979621 0.352530
vt 0.979621 0.353921
vt 0.978688 0.354953
vt 0.977368 0.355021
vt 0.976434 0.354085
vt 0.976434 0.352694
vt 0.977368 0.351662
vt 0.966687 0.438598
vt 0.966687 0.279262
vt 0.967982 0.279248
vt 0.967982 0.438583
vt 0.978967 0.163265
vt 0.978967 0.003890
vt 0.980175 0.003900
vt 0.980175 0.163275
vt 0.962056 0.003905
vt 0.962056 0.163240
vt 0.960761 0.163226
vt 0.960761 0.003890
vt 0.981382 0.003890
vt 0.981382 0.163265
vt 0.992251 0.003890
vt 0.992251 0.163212
vt 0.991043 0.163229
vt 0.991043 0.003907
vt 0.963362 0.003891
vt 0.963362 0.163226
vt 0.965381 0.438584
vt 0.993459 0.003907
vt 0.993459 0.163229
vt 0.978766 0.358607
vt 0.977447 0.358547
vt 0.976515 0.357529
vt 0.976515 0.356148
vt 0.977447 0.355213
vt 0.978766 0.355273
vt 0.979698 0.356292
vt 0.979698 0.357673
vt 0.977629 0.329979
vt 0.978950 0.330047
vt 0.979883 0.331079
vt 0.979883 0.332471
vt 0.978950 0.333407
vt 0.977629 0.333339
vt 0.976696 0.332307
vt 0.976696 0.330915
vt 0.959465 0.163240
vt 0.959465 0.003905
vt 0.982590 0.003900
vt 0.982590 0.163275
vt 0.969859 0.003905
vt 0.969859 0.163240
vt 0.968563 0.163226
vt 0.968563 0.003890
vt 0.983798 0.003890
vt 0.983798 0.163265
vt 0.943605 0.229729
vt 0.943605 0.389051
vt 0.942398 0.389067
vt 0.942398 0.229746
vt 0.971164 0.003891
vt 0.971164 0.163226
vt 0.957365 0.114990
vt 0.957365 0.274326
vt 0.956059 0.274312
vt 0.956059 0.114977
vt 0.944813 0.229746
vt 0.944813 0.389067
vt 0.977493 0.362106
vt 0.976561 0.361171
vt 0.976561 0.359790
vt 0.977493 0.358772
vt 0.978812 0.358712
vt 0.979744 0.359647
vt 0.979744 0.361028
vt 0.978812 0.362046
vt 0.978846 0.362206
vt 0.979779 0.363142
vt 0.979779 0.364534
vt 0.978846 0.365566
vt 0.977525 0.365633
vt 0.976592 0.364697
vt 0.976592 0.363306
vt 0.977525 0.362274
vt 0.975071 0.163240
vt 0.975071 0.003905
vt 0.976366 0.003890
vt 0.976366 0.163226
vt 0.985005 0.003900
vt 0.985005 0.163275
vt 0.972460 0.003905
vt 0.972460 0.163240
vt 0.971164 0.163226
vt 0.971164 0.003890
vt 0.986213 0.003890
vt 0.986213 0.163265
vt 0.994666 0.003890
vt 0.994666 0.163212
vt 0.973765 0.003891
vt 0.973765 0.163226
vt 0.973765 0.163226
vt 0.973765 0.003891
vt 0.995874 0.003907
vt 0.995874 0.163229
vt 0.978681 0.344372
vt 0.977362 0.344313
vt 0.976430 0.343294
vt 0.976430 0.341913
vt 0.977362 0.340979
vt 0.978681 0.341038
vt 0.979614 0.342057
vt 0.979614 0.343438
vt 0.977413 0.344514
vt 0.978733 0.344582
vt 0.979667 0.345614
vt 0.979667 0.347006
vt 0.978733 0.347942
vt 0.977413 0.347874
vt 0.976479 0.346842
vt 0.976479 0.345450
vt 0.977672 0.163240
vt 0.977672 0.003905
vt 0.978967 0.003890
vt 0.978967 0.163226
vt 0.986213 0.163265
vt 0.986213 0.003890
vt 0.987420 0.003900
vt 0.987420 0.163275
vt 0.967258 0.003905
vt 0.967258 0.163240
vt 0.965963 0.003890
vt 0.997082 0.003890
vt 0.997082 0.163212
vt 0.995874 0.003907
vt 0.968563 0.003891
vt 0.968563 0.163226
vt 0.976366 0.163227
vt 0.976366 0.003891
vt 0.998289 0.003907
vt 0.998289 0.163229
vt 0.978817 0.337176
vt 0.977498 0.337116
vt 0.976565 0.336098
vt 0.976565 0.334717
vt 0.977498 0.333783
vt 0.978817 0.333842
vt 0.979749 0.334861
vt 0.979749 0.336242
vt 0.977607 0.337369
vt 0.978928 0.337437
vt 0.979861 0.338469
vt 0.979861 0.339861
vt 0.978928 0.340797
vt 0.977607 0.340729
vt 0.976674 0.339697
vt 0.976674 0.338305
s 1
usemtl texture_2
f 1411/3500/698 1414/3501/698 1413/3502/698
f 1414/3501/698 1415/3503/698 1413/3502/698
f 1415/3503/698 1416/3504/698 1413/3502/698
f 1416/3504/698 1412/3505/698 1413/3502/698
f 1417/3506/698 1420/3507/698 1419/3508/698
f 1420/3507/698 1421/3509/698 1419/3508/698
f 1421/3509/698 1422/3510/698 1419/3508/698
f 1422/3510/698 1418/3511/698 1419/3508/698
f 1423/3512/699 1426/3513/699 1425/3514/699
f 1426/3513/699 1427/3515/700 1425/3514/699
f 1427/3515/700 1428/3516/699 1425/3514/699
f 1428/3516/699 1424/3517/699 1425/3514/699
f 1429/3518/699 1432/3519/699 1431/3520/699
f 1432/3519/699 1433/3521/700 1431/3520/699
f 1433/3521/700 1434/3522/699 1431/3520/699
f 1434/3522/699 1430/3523/699 1431/3520/699
f 1417/3524/701 1424/3525/701 1428/3526/702 1420/3527/702
f 1420/3527/702 1428/3526/702 1427/3528/703 1421/3529/703
f 1421/3530/703 1427/3531/703 1426/3532/704 1422/3533/704
f 1422/3533/704 1426/3532/704 1423/3534/705 1418/3535/705
f 1429/3536/706 1412/3537/706 1416/3538/707 1432/3539/707
f 1432/3539/707 1416/3538/707 1415/3540/708 1433/3541/708
f 1433/3542/708 1415/3543/708 1414/3544/709 1434/3545/709
f 1434/3545/709 1414/3544/709 1411/3546/710 1430/3547/710
f 1418/3535/705 1423/3534/705 1430/3547/710 1411/3546/710
f 1412/3537/706 1429/3536/706 1408/3548/711 1409/3549/712
f 1410/3550/713 1406/3551/714 1424/3525/701 1417/3524/701
f 1435/3552/715 1441/3553/715 1444/3554/716 1437/3555/716
f 1437/3555/716 1444/3554/716 1443/3556/717 1438/3557/717
f 1438/3558/717 1443/3559/717 1442/3560/718 1439/3561/718
f 1439/3561/718 1442/3560/718 1440/3562/719 1436/3563/719
f 1410/3550/713 1435/3564/720 1437/3565/720 1438/3566/720 1439/3567/720 1436/3568/720 1405/3569/721 1406/3551/714
f 1407/3570/722 1405/3571/722 1436/3563/719 1440/3562/719
f 1441/3553/715 1435/3552/715 1410/3572/723 1409/3573/723
f 1409/3549/712 1408/3548/711 1407/3574/724 1440/3575/725 1442/3576/725 1443/3566/725 1444/3577/725 1441/3578/725
f 1445/3579/698 1447/3580/698 1419/3508/698
f 1447/3580/698 1448/3581/698 1419/3508/698
f 1448/3581/698 1446/3582/698 1419/3508/698
f 1449/3583/699 1451/3584/699 1425/3514/699
f 1451/3584/699 1452/3585/700 1425/3514/699
f 1452/3585/700 1450/3586/699 1425/3514/699
f 1453/3587/698 1455/3588/698 1413/3502/698
f 1455/3588/698 1456/3589/698 1413/3502/698
f 1456/3589/698 1454/3590/698 1413/3502/698
f 1457/3591/699 1459/3592/699 1431/3520/699
f 1459/3592/699 1460/3593/699 1431/3520/699
f 1460/3593/699 1458/3594/699 1431/3520/699
f 1461/3595/698 1464/3596/698 1463/3597/698
f 1464/3596/698 1465/3598/698 1463/3597/698
f 1465/3598/698 1462/3599/698 1463/3597/698
f 1466/3600/699 1468/3601/699 1406/3602/699
f 1468/3601/699 1469/3603/699 1406/3602/699
f 1469/3603/699 1467/3604/699 1406/3602/699
f 1470/3605/698 1473/3606/698 1472/3607/698
f 1473/3606/698 1474/3608/698 1472/3607/698
f 1474/3608/698 1471/3609/698 1472/3607/698
f 1475/3610/699 1477/3611/699 1408/3612/699
f 1477/3611/699 1478/3613/699 1408/3612/699
f 1478/3613/699 1476/3614/699 1408/3612/699
f 1470/3615/726 1476/3616/726 1478/3617/727 1473/3618/727
f 1473/3619/727 1478/3620/727 1477/3621/728 1474/3622/728
f 1474/3622/728 1477/3621/728 1475/3623/729 1471/3624/729
f 1453/3625/730 1458/3626/730 1460/3627/731 1455/3628/731
f 1455/3628/731 1460/3627/731 1459/3629/732 1456/3630/732
f 1456/3631/732 1459/3632/732 1457/3633/733 1454/3634/733
f 1461/3635/734 1467/3636/734 1469/3637/735 1464/3638/735
f 1464/3638/735 1469/3637/735 1468/3639/736 1465/3640/736
f 1465/3641/736 1468/3642/736 1466/3634/737 1462/3643/737
f 1445/3616/738 1450/3644/738 1452/3645/739 1447/3646/739
f 1447/3647/739 1452/3648/739 1451/3649/740 1448/3650/740
f 1448/3650/740 1451/3649/740 1449/3651/741 1446/3652/741
f 1413/3502/698 1454/3590/698 1445/3579/698 1419/3508/698 1418/3511/698 1411/3500/698
f 1454/3653/733 1457/3654/733 1450/3655/738 1445/3656/738
f 1419/3508/698 1446/3582/698 1461/3595/698 1463/3597/698 1410/3657/723 1417/3506/698
f 1446/3652/741 1449/3651/741 1467/3636/734 1461/3635/734
f 1425/3514/699 1450/3586/699 1457/3591/699 1431/3520/699 1430/3523/699 1423/3512/699
f 1406/3602/699 1467/3604/699 1449/3583/699 1425/3514/699 1424/3517/699
f 1471/3624/729 1475/3623/729 1458/3626/730 1453/3625/730
f 1472/3607/698 1471/3609/698 1453/3587/698 1413/3502/698 1412/3505/698 1409/3658/723
f 1431/3520/699 1458/3594/699 1475/3610/699 1408/3612/699 1429/3518/699
f 1462/3659/737 1466/3653/737 1476/3656/726 1470/3660/726
f 1463/3597/698 1462/3599/698 1470/3605/698 1472/3607/698 1409/3658/723 1410/3657/723
f 1408/3612/699 1476/3614/699 1466/3600/699 1406/3602/699
f 1491/3661/742 1488/3662/742 1490/3663/743 1493/3664/743
f 1493/3665/743 1490/3666/743 1489/3667/744 1494/3668/744
f 1494/3668/744 1489/3667/744 1487/3669/745 1492/3670/745
f 1483/3671/746 1480/3672/746 1482/3673/747 1485/3674/747
f 1485/3674/747 1482/3673/747 1481/3675/748 1486/3676/748
f 1486/3677/748 1481/3678/748 1479/3679/749 1484/3680/749
f 1407/3570/722 1487/3681/750 1489/3682/750 1490/3683/750 1488/3684/750 1479/3685/750 1481/3686/750 1482/3687/750 1480/3688/750 1405/3571/722
f 1488/3662/742 1491/3661/742 1484/3680/749 1479/3679/749
f 1480/3672/746 1483/3671/746 1406/3551/714 1405/3569/721
f 1491/3689/751 1493/3690/751 1494/3691/751 1492/3692/751 1408/3693/751 1406/3694/751 1483/3695/751 1485/3696/751 1486/3697/751 1484/3698/751
f 1407/3574/724 1408/3548/711 1492/3670/745 1487/3669/745
f 1495/3699/752 1496/3700/752 1498/3701/752 1497/3702/752
f 1497/3703/753 1498/3704/753 1502/3705/753 1501/3706/753
f 1501/3707/754 1502/3708/754 1500/3709/754 1499/3710/754
f 1499/3711/755 1500/3712/755 1496/3713/755 1495/3714/755
f 1497/3715/750 1501/3716/750 1499/3717/750 1495/3718/750
f 1502/3719/751 1498/3720/751 1496/3721/751 1500/3722/751
f 1503/3723/752 1504/3724/752 1506/3725/752 1505/3726/752
f 1505/3727/753 1506/3728/753 1510/3729/753 1509/3730/753
f 1509/3731/754 1510/3732/754 1508/3733/754 1507/3734/754
f 1507/3735/755 1508/3736/755 1504/3737/755 1503/3738/755
f 1505/3739/750 1509/3715/750 1507/3718/750 1503/3740/750
f 1510/3741/751 1506/3742/751 1504/3743/751 1508/3744/751
f 1511/3745/752 1512/3746/752 1514/3747/752 1513/3748/752
f 1513/3749/753 1514/3750/753 1518/3751/753 1517/3752/753
f 1517/3753/754 1518/3754/754 1516/3755/754 1515/3756/754
f 1515/3757/755 1516/3758/755 1512/3759/755 1511/3760/755
f 1513/3761/750 1517/3762/750 1515/3763/750 1511/3764/750
f 1518/3765/751 1514/3766/751 1512/3767/751 1516/3768/751
f 1519/3769/752 1520/3770/752 1522/3708/752 1521/3771/752
f 1521/3772/753 1522/3773/753 1526/3774/753 1525/3775/753
f 1525/3776/754 1526/3777/754 1524/3778/754 1523/3779/754
f 1523/3780/755 1524/3781/755 1520/3782/755 1519/3783/755
f 1521/3784/750 1525/3785/750 1523/3786/750 1519/3787/750
f 1526/3788/751 1522/3789/751 1520/3790/751 1524/3791/751
f 1527/3792/756 1531/3793/756 1532/3794/757 1529/3795/757
f 1529/3796/757 1532/3797/757 1530/3798/698 1528/3799/698
f 1535/3800/758 1533/3801/758 1534/3802/759 1536/3803/759
f 1536/3804/759 1534/3805/759 1528/3799/698 1530/3798/698
f 1539/3806/699 1537/3807/699 1541/3808/760 1542/3809/760
f 1542/3810/760 1541/3811/760 1533/3801/758 1535/3800/758
f 1531/3793/756 1527/3792/756 1538/3812/761 1540/3813/761
f 1540/3814/761 1538/3815/761 1537/3807/699 1539/3806/699
f 1528/3816/762 1534/3817/762 1533/3818/762 1541/3819/762 1537/3820/762 1538/3821/762 1527/3822/762 1529/3823/762
f 1539/3824/763 1542/3825/763 1535/3826/763 1536/3827/763 1530/3828/763 1532/3829/763 1531/3830/763 1540/3831/763
f 1543/3832/756 1547/3833/756 1548/3834/757 1545/3835/757
f 1545/3836/757 1548/3837/757 1546/3838/698 1544/3839/698
f 1551/3840/758 1549/3841/758 1550/3842/759 1552/3843/759
f 1552/3844/759 1550/3845/759 1544/3839/698 1546/3838/698
f 1555/3846/699 1553/3847/699 1557/3848/760 1558/3849/760
f 1558/3850/760 1557/3851/760 1549/3841/758 1551/3840/758
f 1547/3833/756 1543/3832/756 1554/3852/761 1556/3810/761
f 1556/3853/761 1554/3854/761 1553/3847/699 1555/3846/699
f 1544/3855/762 1550/3856/762 1549/3857/762 1557/3858/762 1553/3859/762 1554/3860/762 1543/3861/762 1545/3862/762
f 1555/3863/763 1558/3864/763 1551/3865/763 1552/3866/763 1546/3867/763 1548/3868/763 1547/3869/763 1556/3870/763
f 1559/3871/756 1563/3872/756 1564/3843/757 1561/3842/757
f 1561/3845/757 1564/3844/757 1562/3873/698 1560/3874/698
f 1567/3875/758 1565/3876/758 1566/3877/759 1568/3878/759
f 1568/3879/759 1566/3880/759 1560/3874/698 1562/3873/698
f 1571/3881/699 1569/3882/699 1573/3883/760 1574/3884/760
f 1574/3885/760 1573/3886/760 1565/3876/758 1567/3875/758
f 1563/3887/756 1559/3888/756 1570/3889/761 1572/3890/761
f 1572/3891/761 1570/3892/761 1569/3882/699 1571/3881/699
f 1560/3893/762 1566/3894/762 1565/3895/762 1573/3896/762 1569/3897/762 1570/3898/762 1559/3899/762 1561/3900/762
f 1571/3901/763 1574/3902/763 1567/3903/763 1568/3904/763 1562/3905/763 1564/3906/763 1563/3907/763 1572/3908/763
f 1575/3909/756 1579/3910/756 1580/3911/757 1577/3912/757
f 1577/3880/757 1580/3879/757 1578/3913/698 1576/3914/698
f 1583/3915/758 1581/3916/758 1582/3917/759 1584/3918/759
f 1584/3919/759 1582/3920/759 1576/3914/698 1578/3913/698
f 1587/3921/699 1585/3922/699 1589/3854/760 1590/3853/760
f 1590/3923/760 1589/3924/760 1581/3916/758 1583/3915/758
f 1579/3910/756 1575/3909/756 1586/3925/761 1588/3926/761
f 1588/3927/761 1586/3928/761 1585/3922/699 1587/3921/699
f 1576/3929/762 1582/3930/762 1581/3931/762 1589/3932/762 1585/3933/762 1586/3934/762 1575/3935/762 1577/3936/762
f 1587/3937/763 1590/3938/763 1583/3939/763 1584/3940/763 1578/3941/763 1580/3942/763 1579/3943/763 1588/3944/763
f 1591/3945/756 1595/3946/756 1596/3947/757 1593/3948/757
f 1593/3949/757 1596/3950/757 1594/3951/698 1592/3952/698
f 1599/3953/758 1597/3954/758 1598/3795/759 1600/3955/759
f 1600/3797/759 1598/3796/759 1592/3952/698 1594/3951/698
f 1603/3956/699 1601/3957/699 1605/3928/760 1606/3958/760
f 1606/3959/760 1605/3960/760 1597/3954/758 1599/3953/758
f 1595/3946/756 1591/3945/756 1602/3961/761 1604/3962/761
f 1604/3963/761 1602/3964/761 1601/3957/699 1603/3956/699
f 1592/3965/762 1598/3966/762 1597/3967/762 1605/3968/762 1601/3969/762 1602/3970/762 1591/3971/762 1593/3972/762
f 1603/3973/763 1606/3974/763 1599/3975/763 1600/3976/763 1594/3977/763 1596/3978/763 1595/3979/763 1604/3980/763
